RECRUIT_ID,MAJOR_RECRUIT,DETAIL
0,旅游管理,"岗位职责：电话沟通客户,机票订购服务 任职条件：中专及以上学历，年龄****-****岁。    1.计算机操作熟练,打字速度****字/分以上    2.普通话标准,声音圆润,记忆力好,有良好服务意识    3.能吃苦耐劳,性格大方,善于通过电话与人沟通,责任感强    4.工作积极主动、认真、负责有良好的团队合作精神和沟通理解能力"
1,汽车工程,"****-****岁，持B牌或以上驾驶证，3年以上驾龄，有1年以上拖车驾驶经验,有深户担保。"
2,软件工程,此招聘信息由系统根据单位搜索条件自动生成！
3,电子材料与元器件,"从事仓管工作2-3年,熟悉电子元器件,责任心强,工作认真细致,能吃苦耐劳.电脑熟练,会金蹀登帐者优先.会财务知识者优先!急聘!无经验者请勿扰!"
4,市场营销,"职位名称：销售助理职位概要：    协助销售部经理完成销售部门日常事务工作。岗位职责：    1、协助销售部经理和销售人员输入、维护、汇总销售数据；    2、进行成本核算，提供商务报表及部门销售业绩的统计、查询、管理；    3、依据统计整理的数据资料，向主管提交参考建议与方案，用于改善经营活动；    ****公司订单，合同的执行并归档管理；   ****公司做好售后服务工作；    6、接待来访客户及综合协调日常行政事务。任职要求：    1、****岁以下，市场营销或相关专业大专以上学历。    2、对市场营销工作有深刻的了解, 三年以上电子产品相关工作经验；    3、熟练操作办公软件和办公自动化设备。    4、坦诚、自信，高度的工作热情；     5、有良好的团队合作精神，有敬业精神；     6、较强的观察力和应变能力，良好的判断力和沟通能力。"
5,会计学,"会计专业的应届毕业生或有工作经验的从业人员均可,有意****公司咨询,谢谢."
6,【计算机科学与技术】,"1)有一定的相关产品跟单经验,能及时反馈相关的产品问题!2)略懂英文,有相关的产品知识!3)能够很好的安排工作,对分配的工作能及时完成!4)吃苦耐劳,能适应工作的需求!5)谈吐大方得体,能认真执行经理分配的任务!6)中专或高中以上文化程度7)有手袋,腰带,发饰等工作经验的优先考虑****公司目前在深圳关外平湖华南城,无意在关外工作,请勿投简历!"
7,【机械工程】,机械类专业毕业，优秀应届毕业生或有1年以上机械装配经验，机械知识基础扎实，上进心强（熟悉运用CAD、SOLIDWORKS绘图，有过夹具设计经验更佳）                      试用期：****-****元/月
8,会计学,中专以上学历，有会计证，有一定工作经验，为人诚恳，责任心强，良好的稳定性和忠诚度。已婚即深户者优先。
9,机械设计及理论,机械设计及相关专业大专以上学历，有三年机械行业设计开发工作经验，懂机械原理、结构，熟悉液压及气动原理，有独立设计、维修油压系统工作经验，熟练操作ＰＲＯＥ、ＣＡＤ。
10,会计电算化,出纳1名，性别女，会计专业毕业，有会计证优先，相关工作经历1年以上，有意者请电话联系面试。
11,企业管理,擅于与人沟通，责任心强，有丰富的企业管理知识和在制造加工型企业从事行政管理的经验。
12,电子材料与元器件,"有成品核算和往来账处理经验,会做全盘帐，熟悉电子材料（有电子厂工作经验,并接触过电子件）往来账处理即可。（持深圳会计证）注:此职位在关外上班(公明工厂),无意到关外工作者勿投!"
13,物流管理,1、负责业务员的订单报价，做合同及售后服务； 2、负责商务订单入库，出库事宜   能力要求：1、男女不限，年龄****-****岁，专业：财务或电子商务 2、一年以上工作经验；3、熟练使用电脑，会用财务软件K3，个人责任心强； 4、有业务跟单经验，深户优先；
14,会计学,1、招聘1名，年龄在****岁以上，持有《(会*证》，大专以上学历，财会专业，金蝶财务软件操作熟练；2、财务工作经验二年以上，熟练会计全盘帐目处理、银行税务操作及工资核算等会计工作，具有工程项目会计工作者优先；3、为人诚恳、善良，工作认真细心，责任心强；
15,英语,本中心立足深圳六年，所在片区小学初中林立，六年来生源稳定！现因发展需要，招聘英语及语文教师各2名。tAr深圳教师招聘网   要求：女，师范类专业毕业，有教学经验，口语好，喜欢教师行业，喜欢和小孩子打交道，并且愿意在深圳长期工作者！tAr深圳教师招聘网   待遇：试用期一个月，试用期过后底薪加提成，****元左右/月，包食宿。tAr深圳教师招聘网   工作地点：罗湖区田贝四路金丽豪苑鹏利阁****楼tAr深圳教师招聘网   联系电话：******  ******  葛老师tAr深圳教师招聘网   乘车路线：****、****、****、****、****、****、1路直接到田贝四路下即可，下车后电话联系。tAr深圳教师招聘网    特别提醒广大求职者：深圳一般的民办学校及辅导中心工资待遇都在****左右，如有说得特别玄乎的，或者要交押金和服装费之类的，纯属骗人，切勿上当受骗！
16,电子材料与元器件,有电子厂2年以上相关的管理工作经验，熟悉充电器、变压器的流程。  对烙铁、插件、浸锡、手工贴片、后焊、装配工艺熟练，熟悉各种电子元器件，有较强的工作主动性、责任心、团队合作精神，沟通协调能力强。
17,人力资源管理,有2年以上从事人力资源、行政管理工作经验，工作认真负责，责任心强，有开拓精神，有工作激情，团队精神强，协调能力强，沟通能力强，能吃亏耐劳，身体好。
18,【电子科学与技术】,"三年以上电子产品设计和电路匹配调试的实际工作经验，懂电子线路PCB板设计、制作与修改,能够独立完成原理图，熟练使用protel, power PCB 等软件,熟悉车载MP3、数码产品相关工程人员,有良好的沟通能力、有较强的团队合作能力和敬业精神"
19,人力资源管理,1、熟悉当地的劳动保障、社保、劳动关系等相关法律法规政策；2、对工厂员工社保、劳动关系处理、员工关系处理有优秀的协调、操作能力；3、有优秀的组织、协调、沟通能力，协助厂长开展工厂企业文化宣传、人员调配、补充等其他工作；4、有陶瓷行业经验者优先考虑！
20,土木工程,1.能熟练使用CAD等各种工程软件，能绘制建筑、结构施工图。2.能熟练使用办公软件。3.熟悉建筑施工技术，能进行施工监理。
21,经贸英语,"有团队协作意识,沟通能力强,善于表达自己,有外贸销售经验2年以上.销售经验丰富,掌握了汽车音响、家电等消费电子知识.（请直接投简历至邮箱）"
22,市场营销,我公司急招聘业务员3名， 营销专业或从事过市场营销，年龄****-****，做电话网络营销，销售光纤通信设备.感兴趣的朋友请电话联系
23,电子材料与元器件,"1. 有电子厂1年以上相关的工作经验，细心、能吃苦耐劳;熟悉各种电子元器件及电脑办工软件，有较强的工作主动性、责任心、团队合作精神，沟通协调能力强。 2.文书工整,有一定的数学计算能力，能根据物料清单及定单量计算出所需物料用量, 能做相关的仓库帐。"
24,计算机应用技术,1、身心健康，工作认真负责，动手能力强，基础知识扎实，有一定的工作经验及工作能力。证件齐全。诚实善良。2、计算机、电子等相关专业本科或以上学历，有扎实的计算机基础知识。3、熟练掌握ＶＣ＋＋等，有2年以上的VC++软件开发经验，编写调试过一定规模的程序。4、熟练掌握 MS SQL Server  数据库。5、熟练界面开发、应用程序开发。6、工作要塌实、有条理性，善于勾通。7、微电子、电子应用技术等相关专业本科或以上学历。8、从事相关工作2年以上。
25,【计算机科学与技术】,熟悉SQL、局域网、C++，财会、企业管理流程的女性优先
26,计算机网络与多媒体,1）熟练计算机操作，能排除常见计算机软硬件故障，熟悉PC系统与软件的安装。2）了解电脑网络维护。能处理一般的网络问题。3）能用PHOTOSHOP做一般的图象处理。4）做人踏实，工作责任心强，积极主动 。
27,国际贸易学,要求样貌端庄，吃苦耐劳，对工作有热情，有外贸工作和船务工作经验的为优先考慮。
28,【机械工程】,1、全日制院校毕业生；2、一年以上相同工作****公司 ****公司網站 
29,市场营销,对汽车GPS产品市场推广和营销有丰富的经验，具独立工作和团队协作工作能力，或对IC等电子产品销售有经验也可。
30,计算机网络与多媒体,有2年以上维修电子电器实际工作经验，能熟练应用示波器等维修设备和仪器，能熟练焊接IC和电子元器件。工作认真细致，责任心强，合作精神强，有团队精神，能吃亏耐劳，身体好。
31,国际经济与贸易,"大专以上学历，CET四级以上，熟悉外贸流程，能够使用英语与国外客户进行沟通及书写相关文书；有责任心、团队合作意识强；有效开发国际市场，工作自主能动性强。主要客户市场是南美、东南亚地区、俄罗斯等地区,有印刷纸品加工设备销售经验者优先。****公司已是多个网络商务平台的付费会员，为业务发展提供十分良好的舞台，工作环境宽松，气氛紧凑。有志加入之人士请随时与我联系。    机器基本上在8万美金以上，待遇是基本底薪+提成，并提供良好机械方面知识培训，使新进同事快速上手。     请联系"
32,国际贸易学,形象气质佳，待人接物大方得体，英语四级以上，电脑操作熟练，有外贸跟单经验及二年以上总经理秘书工作经验。
33,电子信息工程学,1、精通数字、模拟电路。2、精通A/D转换电路。3、精通****系列单片机开发。4、有实际设计检验者优先。
34,会计学,1、招聘1名，年龄在****岁以上，持有《(会*证》，大专以上学历，财会专业，金蝶财务软件操作熟练；2、财务工作经验三年以上，熟练会计全盘帐目处理、银行税务操作及工资核算等会计工作，具有工程项目会计工作者优先；3、为人诚恳、善良，工作认真细心，责任心强；4、需有深户担保。
35,美术学,"美术专业中专以上文化程度，能熟练操作Photoshop,Illustrator，了解菲林分色、输出和印刷原理，有绘画基础和一年相关工作经验者优先。"
36,办公自动化,****岁以上，中专以上学历，熟悉office办公软件，形象好、气质佳，有一定标书经验者优先考虑．
37,会计学,财务会计专业大专以上学历，有工作经验者优先，工作认真细心，责任心强，职业道德强，能吃亏耐劳，合作精神强，团队精神强，身体好。（需深户担保）
38,工业自动化,要求懂2D，3D等绘图软件，对非标设备有了解。
39,【工商管理】,"熟悉房地产证办证流程,有相关从业经验优先."
40,汉语言文学,总经理****公司文案策划，品牌推广，有较深的文学功底。有五年以上从事大型企业品牌策划推广之经验，为人平和有内涵。
41,电子信息工程学,1、大专以上学历，自动化、电子信息工程学、电子信息科学与技术等专业，非常熟悉MC****单片机。2、熟练使用PROTEL软件，有该软件实际产品设计经验。3、吃苦耐劳、积极进取，较强的创新能力和较强的团队意识，有较强的独立处事能力。
42,会计电算化,"有一年经上出纳工作经验，银行业****公司熟悉）字迹工整，工作细心，安全意识强，负责银行业务办理，应付账核对，日常报销工作处理等（持深圳会计证）注:此职位在关外上班(公明工厂),无意到关外工作者勿投!"
43,市场营销,1、工作认真 爱岗敬业 独立完成各项业务    2、熟练驾车 具有驾驶证B照
44,市场营销,1、招聘6名，年龄在****—****岁，身体健康；2、高中以上学历，普通话标准、流利，办公电脑操作熟练，有开拓进取精神及陌生客户开发和跟进能力，能承受一定的工作压力。3、性格开朗、工作认真、责任心及沟通能力强，有团队精神及电话营销经验者优先。
45,电子材料与元器件,"有成品核算和往来账处理经验,熟悉电子材料（有电子厂工作经验,并接触过电子件）往来账处理即可。（持深圳会计证）注:此职位在关外上班(公明工厂),无意到关外工作者勿投!"
46,平面设计,平面设计师:1、美术设计专业；2、三年以上本专业工作经验，有地产广告和物业标识设计经验更佳，工作认真负责。合则约见。
47,语言学及应用语言学,性别：不限年龄：****-****周岁学历：本科要求：1、有一定的文学基础，文笔好。      2、能够熟练操作电脑，熟悉使用办公软件和办公设备，相关专业毕业者优先。      3、沟通协调能力强。
48,平面设计,"一、职责描述:1.能独立完成设计任务:如设计Logo,招牌，宣传单，海报，优惠券等平面广告。二、职位要求: 1.精通各种设计软件如：Photoshop、Coreldraw、Illustrator. 懂3DMAX、CAD等软件.2．工作认真细心、负责。能够吃苦耐劳，有上进心，能独立完成设计任务，能够****公司所下达的各项任务以及指示,富有敬业精神。 3.良好的沟通能力和理解能力。"
49,国际贸易学,外贸业务员要求如下：1.男女，年龄不限2.英语专业3.熟悉外贸流程如你符合以上要求，请于2月****-1****公司面试（外贸经理出国****号回来）
50,计算机网络与多媒体,公司专业生产销售光通信器件及光通信设备，招收电子技术员和销售文员（电话销售业务员），若干名，有行业经验者优先，待遇优。由于查不到你们的联系方式，感兴趣的朋友请拨手机，谢谢
51,【计算机科学与技术】,1、数学、计算机等相关专业大专以上学历；2、熟悉SQL Server 数据库；3、熟练掌握TPC/IP通讯应用；4、有熟悉WEB页面开发和WebService 开发者优先考虑；5、从事软件开发工作1年以上；6、要求具有诚实的人品、敬业的精神、吃苦耐劳的作风、较强的团队协作精神。
52,【其他专业】,"本公司****公司，该职位主要处理包装货物发往海外。仓库发货员:中专以上文化,****-****岁.          具备认真严谨的工作态度,具较强的沟通协调能力,踏实能干.          对仓库的收发货物有一定的经验."
53,【电子科学与技术】,职位名称：硬件工程师职位概要：    设计、开发、调试、维护、管理符合功能、性能要求的硬件产品。岗位职责：    1、硬件平台的开发，主要包括器件的选型、详细设计、原理图的绘制、PCB检查、硬件板的调试等     2、硬件板的测试和支持系统测试     3、支持结构组完成规格设计 任职要求：    1、电子通信类或者相关专业本科以上学历，英语熟练；    2、三年以上从事硬件相关工作经验，有GPS研发经验者优先；    3、良好的产品意识，质量意识和客户意识    4、工作认真主动，态度积极，有较强的责任心，    5、善于沟通，较强的学习能力，具有良好的团队精神和协调能力。
54,软件工程,1、 熟悉电视机原理、DVD原理    2、能独立完成****开发    3、对MST和SUNPLUS芯片了解者优先
55,企业管理,"在深圳有一定的实践销售工作经验,及社会阅历,项目洽谈,公共关系协调能力.气质形象较好,谈吐能力较强."
56,会计学,行政文员:最好是财会相关专业，有二年以上工作经验，工作细心负责。合则约见。
57,【电子科学与技术】,"性别地域不限,有一年以上MP3组装线,后焊线现场管理经验,熟悉5S,有一定的领导能力,组织能力,为人诚实,能独立完成生产现场管理的各项工作."
58,计算机应用技术,2名；性别不限；大专或以上学历，电子、通信或自动化专业；3年以上同等职位工作经验     1.婚否不限；     2.身体无残疾，五官端正；     3.能熟练操作办公软件，及能熟练使用PROTEL和PADS的PCB绘图软件；     4.具有多年的电子产品开发经验，熟练测试测量技术.熟练各种电子测量仪器.设计规范.对EMI、EMC等各种UL和FCC产品设计熟悉，具有强烈的创新意识和开拓精神；     5.有较强的沟通协调能力及语言﹑文字表达能力.
59,会计学,职位名称：会计一名职位****公司与税务相关的各种业务，确保企业税务目标的实现。岗位职责：    1****公司会计凭证，审核、装订及保管各类会计凭证，登记及保管各类帐簿。     2、按月编制会计报表（资产负债表、损益表等），并进行分****公司领导备案决策。     3、编制资金、供销成本费用、管理费用预算，控制成本预算，制定、分析进销预算，处理其他有关预算的事项。     4、建立内部核算****公司领导制定内部核算办法与标准，记录内部核算资料，分析内部核算结果，处理其他有关内部核算的事项。     5****公司财务运作情况，及时与出纳核对现金、应收(付)款凭证、应收(付)票据，做到帐款、票据数目清楚。     6****公司领导交办的其他事项。任职要求：    1、持有有会计资格证书，财务、会计专业大专以上学历；    2、热爱本职工作，熟悉会计操作、会计核算流程与管理、各种财务报表及其分析；    3、熟悉国家财经法律法规和税收政策及相关财务的处理方法、熟悉银行业务和报税流程及增值税，进出口操作流程和相关规定；    4、具有较高的理论水平和文字表达能力，有较强的综合分析判断能力、协调能力，原则性强；     5、叁年以上全盘会计工作经验，能熟练使用计算机和相关财务软件，能独立进行建帐立制；    6、遵纪守法，品行端正，具有良好的职业道德，较好的沟通能力及团队合作意识；        发送至邮箱的简历请用文本发送！
60,【计算机科学与技术】,"1)有一定的相关产品跟单经验,能及时反馈相关的产品问题!2)略懂英文,有相关的产品知识!3)能够很好的安排工作,对分配的工作能及时完成!4)吃苦耐劳,能适应工作的需求!5)谈吐大方得体,能认真执行经理分配的任务!6)中专或高中以上文化程度7)有手袋,腰带等工作经验的优先考虑****公司目前在深圳关外布吉南岭,无意在关外工作,请勿投简历!"
61,平面设计,"熟悉CAD,3D,PHTOSHOP等图片处理软件,并具有良好的沟通能力."
62,电子信息工程学,本科以上学历，英语六级，电子电气相关专业。限女性，熟悉Windows XP  Office等办公软件，能够操作Protel**** AutoCAD等设计软件。具有一年以上研发部技术文档管理经验，懂平面设计、网站维护者优先。
63,【土木工程】,熟悉深圳市市政工程资料，预结算优先。
64,文秘,1、****-****岁，身高1.****米以上，大专以上学历，有2年以上相关工作经验；2、形象气质佳，相貌好，性格外向；  3、有较强的谈判能力，精通国际商务往来事务及现代办公软件。 4、做事有条理，有较强的承压能力，对岗位工作充满激情和自信。5、有强烈的工作责任心及优秀的团队合作精神。6、有良好的公文写作能力。
65,【计算机科学与技术】," ****公司****公司里的一些资料整理,图片处理,样品室的整理及人员的作息考核,办公室文具方面的采购等.    协助业务做一些跟单工作!    1)中专以上学历     2)电脑熟练,会基本的办公软件,会使用PHOTOSHOP.    3)谈吐大方,会考虑各方面处理事情     4)能吃苦耐劳,胜任工****公司在关外布吉南岭村,如果无意在关外工作,请勿投简历!"
66,【电气工程】,电子信息工程或机电一体化等相关专业，两年以上工作经验，熟悉机电产品PCB电路设计及电路维修，熟练掌握分析电子电路，会单片机编程。试用期：****-****元/月
67,会计学,"1.深圳市户口,2.持有会计证书,有1年以上工作经验,3.熟练运用办公软件及财务软件4.大专以上学历"
68,电子材料与元器件,"助理文员:性格温和,能吃苦耐劳,适应力好应变能力强；熟悉办公软件的应用 ,有跟单经验者优先。"
69,经贸英语,此招聘信息由系统根据单位搜索条件自动生成！
70,电气工程及其自动化,中专以上学历，自动化、市场营销或相关专****公司产品（变频器），两年业务做作业经验。可接受对外派遣，吃苦耐劳、性格外向、沟通能力强，电气自动化或相关专业（可接受特别优异之应届毕业生
71,财务管理,"1、财会专业毕业，大专以上学历，有一定的会计理论基础及工作经验。2、同等岗位2年以上工作经验，1年以上深圳工作经验，有旅游行业工作经验优先。3、电脑操作熟，能熟练运用Excel,Word等办公软件及用友财务软件。4、能吃苦耐劳，服从领导，适应加班****公司要求做好保密工作 。6、深圳市户口优先！或者深圳市户口担保."
72,会计学,能独立，熟练的做工厂帐目，有做一般纳税人企业帐目的工作经验。
73,【建筑学】,任职要求：****岁以下，大专以上学历，熟悉电气基础理论知识，有电气工程技术职称。懂CAD绘图，熟悉电气安装工程的施工工艺和独立完成照明电气设计，二年以上照明灯具、弱电、机电设备安装经验。
74,会计学,有工作经验两年以上。
75,电路与系统,有电子电器、通讯网络等中专以上学历，有1年以上实际维修电子电器工作经验，工作认真细致，责任心强，有职业道德，有合作精神，有团队精神，能吃亏耐劳，身体好。
76,市场营销,1、性别不限。2、年龄****—****岁之间。3、大专以上学历，三年以上营销经验。4、能制定和实施迎合营运目标的营销战略。5、能制定和实施促进产品销售和市场份额增长的战略。6、能独立做单也能带领团队实现销售目标。8、有酒店行业或酒店用品行业经验者优先。
77,人力资源管理,在商业及租赁行业有相关的人力资源工作经验了解人力资源6大****公司相关管理制****公司架构及人员调整，熟悉社保问题处****公司人力资源现状实施可行性的规划清楚对外办事流程及人员绩****公司发展作长期规划
78,【工商管理】,熟悉办公室操作，工作认真！
79,平面设计,1.设计专业，有良好的美术功底，中文程度较强。                         2.熟练操作Photoshop、PowerPoint、CorelDRAW、Illustrator等设计软件。                        3.能独立完成设计制作，理解及沟通能力强。
80,土木工程,1、中专及以文凭有3年以上现场建筑工程施工管理经验。2、有施工员职称证。3、能长驻工地，吃苦耐劳，有责任心。4、工作地点：深圳、福建。
81,日语,1；有持续的工作激情2；日语口语流利2级以上3；有客户开发经验
82,市场营销,"******是一家多年从事打印机办公设备及周边****公司，现有产品为国内知名品牌，主要客户有金融保险、供电等系****公司发展需要招聘以下职位; 一、销售部经理1名：大专以上文凭，****岁---****岁，性别不限，有相关办公设备及耗材客户资源,善于组织管理，能独立带领销售****公司发展大局出发处理问题；二、办公设备耗材业务员多名：高中以上文凭，****---****岁，性别不限，要求具有从事硒鼓/墨盒/色带等针打耗材销售经验,有一定客户资源优先；三、电话营销员多名：高中以上文凭，****—****岁，性别不限,有打印机耗材销售经验优先，要求有电话营销经验,语言表达能力强,对自身要求严格，能承受一定工作压力；四、办公设备维修工程师2名：具有激光机/喷墨机/针式打印机/高速行式打印机维修经验,专兼职均可；其它：以上职位一经录用待遇从优，底薪+提成（4%-****%）+福利津帖（住房+交通+电话费）+奖金，试用期一至三个月,正式录用后签定劳务合同享受国家****公司充分考虑个人成长发展空间，实行能者上平者让的竞争机制，使员工在工作中不断进步完善。"
83,电子信息科学与技术,性别不限，要求大专以上学历，电子专业，年龄****-****岁，3年以上单片机软件设计经验，电子技术经验，可进行对单片机及外围电路设计。
84,国际贸易学,"1.****岁以上;     2.大专以上学历;     3.国际贸易或外贸英语专业;     4.英语六级以上,口语流利,善于与外商沟通,熟悉外贸流程;     5.有电子行业国际贸易经验一年以上;     6.深户及带港澳通行证者优先;     7.工作地点：布吉坂田"
85,英语,1、国家统招全日制本科毕业。商贸英语专业或者国际贸易专业。2、英语听说读写流利，英语证书必须6级以上。（此项不符者勿投简历）3、有至少一年一上外贸工作经验。4、有ALIBABA英文B2B网站相关操作经验。5、熟练使用PHOTOSHOP或相关图片处理软件。6、熟练使用WORD，EXCEL等相关办公软件。
86,电子材料与元器件,思想端正，品质优良，对工作认真负责，熟悉数码产品及手机者优先考虑。
87,市场营销,"吃苦耐劳,形象亲切,有较好的表达能力及沟通能力.具备良好的职业道德!"
88,财政学（含税收学）,"会计专业,能熟练应用金碟软件,善于沟通。1、实习期为两个月，实习期没工资。2、实习期后转入三个月试用期，试用期每个月底薪****元，****元餐补，   ****元电话费。3、试用期后底薪****元+****元餐补+****元电话费+提成及社保。敬请有心想学习会计实务，从事会计行业者方可投简历，谢谢合作。"
89,国际贸易学,"热爱外贸工作,熟悉数码产品及手机产品,英语书写及口语要流畅,****公司工作.英语优秀者，应届毕业生亦可。"
90,电子信息科学与技术,手机和MP3、MP4的维修.检测.
91,【工商管理】,熟悉办公室操作，工作认真！
92,【机械工程】,机械制造或机械设计专业，5年以上工作经验，熟练操作SOLIDWORKS和CAD软件，具备丰富的机械结构设计经验，能独立担当某项自动化工装夹具设计任务.试用期：****-****元/月
93,【工商管理】,"熟悉房地产销售后续工作流程,有房地产销售经验者优先."
94,会计学,5年以上一般纳税人工业会计帐务处理及财务管理工作.有深圳市会计证.工作责任心强.
95,【计算机科学与技术】,从事计算机网络、软件，熟悉oracle、SQL数据库结构，熟练JAVA、C++这方面工作有一年以上经验
96,英语,"1, 英语四级以上2, 熟练使用计算机常用软件,OFFICE, PHOTOSHOP,COREDRAW 等图片处理软件3, 对平面设计有一定了解, 并能独立完成产品图片广告的制作."
97,电子材料与元器件,"从事仓管工作2-3年,熟悉电子元器件,责任心强,工作认真细致,能吃苦耐劳.电脑熟练,会金蹀登帐或财务知识者优先!急聘!无经验者请勿扰!"
98,会计学,"岗位职责1、负责采购部日常工作的安排及采购工作，需一定的相关工作经验；2、采购单的下达；3、采购物品交货期的跟踪及控制；4、进行相关市场行情的调查，确保采购单价的合理性，根据需要开发新的供应商；5、与供应商有关交期、交量等方面沟通协调；6、完成上级交给的其它事务性工作。任职资格1、中专及以上学历，物流类等相关专业优先；2、2年以上相关工作经验，有印刷行业，电子行业工作经历者优先考虑；3、熟悉采购流程，熟悉ERP系统；4、熟练使用Word, excel等办公软件，电脑操作熟练；5、工作细致认真，责任心强，思维敏捷，具有较强的团队合作精神；6、年龄****-****岁，已婚已育者优先。"
99,公共行政管理,"1、大专以上学历，行政管理、人力资源管理或企业管理专业毕业.2、有后勤管理,招聘，培训，绩效考核，以及劳动关系处理等实际操作经验.3.有同职工作经验2年以上.4.工作认真严谨,勤奋好学,积极进取,责任心强."
100,【其他专业】,"2名；男性；****-****岁；大专或以上学历，计算机应用专业；2年以上同等职位工作经验 .  1.婚否不限； 2.身体无殘疾，五官端正； 3.能对各种IT设备进行有效的日常故障处理及维护管；能进行网站后台维护及管理。    4.能吃苦耐劳，热情﹑敬业,具良好的表达与沟通能力."
101,国际经济与贸易,"Requirements:degree holder good communication skills in English ,at least 2-3 years of experience in manufacturing export and shipping fields. Work conditions:8 hours per day; 5-1/2 work day per week;Public Holidays;5-**** days paid holidays in the Chinese New Years. Benefits:pension;free meal and sudsidized accomodation;discretionary bonus based on performance."
102,包装设计,"一、相关专业毕业；二、两年以上平面设计工作经验（有包装设计经验者优先）；三、熟练操作平面设计软件，Coredraw , ps 等；四、做事细心，对待工作认真负责；五、对印刷、菲林输出及后道工艺有一定的了解。 "
103,人力资源管理,1.熟练运用人力资源管理的技巧.如人才测评等等.2.有很好的方案能为企业长期发展提供人力保障.3.熟悉生产型企业绩效考核4.对企业文化管理和企业内训有一定经验.
104,自动化,熟悉2D，3D等绘图软件，对机加工有一定的经验和机械的制作流程。
105,英语,本中心立足深圳六年，所在片区小学初中林立，六年来生源稳定！现因发展需要，招聘英语及语文教师各2名。tAr深圳教师招聘网   要求：女，师范类专业毕业，有教学经验，口语好，喜欢教师行业，喜欢和小孩子打交道，并且愿意在深圳长期工作者！   待遇：试用期一个月，试用期过后底薪加提成，****元左右/月，包食宿。   工作地点：罗湖区田贝四路金丽豪苑鹏利阁****楼   乘车路线：****、****、****、****、****、****、1路直接到田贝四路下即可，下车后电话联系。    特别提醒广大求职者：深圳一般的民办学校及辅导中心工资待遇都在****左右，如有说得特别玄乎的，或者要交押金和服装费之类的，纯属骗人，切勿上当受骗！
106,英语,"1、本科以上学历（要求是全日制教育，非自考、成教）；2、英语专业八级以上3、口语优秀,主要负责家庭成员的口语训练4、包吃住,待遇优厚不符合要求勿扰。"
107,物流管理,1、销售ABB低压产品 2、维护客户关系，反馈市场信息 3、收取货款  能力要求：1、专业不限 2、有驾驶员证并熟悉深圳地区线路. 3、吃苦耐劳，积极上进，有一定的销售经验.
108,国际贸易学,熟知外贸跟单流程，英语至少过了CET-4，一年以上外贸跟单经验，能熟练的用英语收发邮件，能跟客户进行日常的英语口语对话，普通话标准，会粤语者为佳。电脑操作熟练，为人真诚，谦逊，服从上级安排，能吃苦耐劳，工作态度端正，对追求工作稳定的求职者优先考虑。
109,测试计量技术及仪器,性别：男具有一年以上对流体过程控制仪器、仪表的相关工作经验，如流量计、变送器、流量计算机、阀门、色谱分析仪等，懂得设备开车、组态和部分设备的故障诊断、维护；良好的沟通协调和文字表达能力，；能阅读一般英文技术资料；工作认真细致，责任心强，具有良好的团队合作精神；能吃苦耐劳，身体健康，适应长期出差；工资福利：基本工资、出差补贴、业务提成、年终绩效奖金、社保和商业保险。符合条件者有出国培训的机会。
110,会计学,1、招聘1名，年龄在****岁以上，持有《(会*证》，大专以上学历，财会专业，金蝶财务软件操作熟练；2、财务工作经验二年以上，熟练会计全盘帐目处理、银行税务操作及工资核算等会计工作，具有工程项目会计工作者优先；3、为人诚恳、善良，工作认真细心，责任心强；4、工作地点：宝安区石岩水库（公明1标项目经理部）
111,宪法学与行政法学,"两年以上工厂人事工作经验,熟悉人员招聘,绩效考核等人力资源工作模块,深厚的文字功底,良好的沟通能力和敬夜精神,能在压力下展开工作应聘提交资料者请注明薪资待遇."
112,会计学,一、工作职责****公司财务全面管理工作，建立健全财务管理制度和流程；2.负责财务计划、控制、核算和考核工作；二、任职要求：1.本科以上学历，中级职称，工作经验5年以上，会计、工商管理、财税、金融等经济类相关专业；2.精通财务分析、资金计划、预算管理、成本控制；3.责任感强，诚实守信，办事严谨；4.有较强的组织协调、沟通能力及统筹能力；5.深户或深户担保优先；
113,计算机网络与多媒体,电子、通讯、网络、营销等专业大专以上学历，有工作经验者优先，工作认真负责，有开拓精神，有职业道德，语言沟通能力强，外语好，合作精神强，有团队精神，能吃亏耐劳，身体好。
114,【情报与档案管理】,熟悉房地产销售后续工作流程.
115,市场营销,岗位要求：1.市场营销或相关专业中专以上学历；2.从事3年以上销售实践工作经验，1年家具销售经验；3.熟悉办家家具销售，有较强的市场通路开拓能力；4.具有较强的市场统筹、渠道管理和组织策划能力，计划性强，有韧性，能够吃苦耐劳；5.能独立策划区域市场推广计划及管理约五人的小団队，具有良好的团队精神与合作意识、服务意识。6.具备良好的协调和沟通能力；成熟、稳重、务实，能承受压力；7.语言表达能力强，形象佳，具备销售管理等专业知识者优先。
116,国际经济与贸易,"大专以上学历，CET四级以上，熟悉外贸流程，能够使用英语与国外客户进行沟通及书写相关文书；有责任心、团队合作意识强；有效开发国际市场，工作自主能动性强。主要客户市场是南美、东南亚地区、俄罗斯等地区,有印刷纸品加工设备销售经验者优先。****公司已是多个网络商务平台的付费会员，为业务发展提供十分良好的舞台，工作环境宽松，气氛紧凑。有志加入之人士请随时与我联系。    机器基本上在8万美金以上，待遇是基本底薪+提成，并提供良好机械方面知识培训，使新进同事快速上手。     请联系"
117,机械设计及理论,机械制造设计类及相关专业中专以上学历，有二年机械行业绘图设计工作经验，熟悉机械构造及原理，能熟练操作ＰＲＯＥ/****版、ＣＡＤ等绘图软件。
118,电子材料与元器件,"男女不限,****-****岁,有电子元器件采购经验者优先,能吃苦耐劳。"
119,机械设计及理论,"机械设计及相关专业大专以上学历，有三年机械行业设计开发工作经验，熟悉整机设计开发、工艺流程和机械构造、原理，有独立完成新产品研发能力，能熟练操作ＰＲＯＥ、ＣＡＤ,有责任心、团队合作意识，沟通能力强。"
120,工民建,有工程监理、建筑施工经验的优先。
121,日语,要求本科以上学历，日语专业，具备日语熟练的听说读写能力，熟练操作办公软件，能够独立开发海外客户。
122,电子材料与元器件,"  熟悉电子厂的运作流程,熟悉质量管理的理论与实践操作.能够配合研发工程师完成开关电源制样、制程（相关作业指导书及懂生产线工装治具制作，标准工时),有较强的工作主动性、责任心、团队合作精神及创新精神.有相关电源行业者优先录取。  "
123,英语,"跟单文员:限女性.商务英语或国际贸易专业优先.能熟练操作excel,photoshop等办公软件，电脑熟练，打字速度快，心思缜密,工作态度认真,能吃苦,肯学习,具较强的沟通协调能力;英文良好者优先，具有一年以上跟单工作经验者优先。"
124,会计学,1、招聘1名，年龄在****岁以上，持有《(会*证》，大专以上学历，财会专业，金蝶财务软件操作熟练；2、财务工作经验三年以上，熟练会计全盘帐目处理、银行税务操作及工资核算等会计工作，具有工程项目会计工作者优先；3、为人诚恳、善良，工作认真细心，责任心强；4、需有深户担保。
125,机械设计及理论,机械制造设计类及相关专业中专以上学历，有二年机械行业绘图设计工作经验，熟悉机械构造及原理，能熟练操作ＰＲＯＥ/****版、ＣＡＤ等绘图软件。
126,电子信息科学与技术,1、大专以上学历；2、熟悉开关电源和LED电源；3、有三年以上工作经验。
127,财政学（含税收学）,"会计专业,能熟练应用金碟软件,善于沟通。实习期为两个月，实习期没工资。实习期后转入三个月试用期，试用期每个月底薪****元，****元餐补，****元车补，****元电话费。试用期后底薪****元+补助+提成及社保。敬请有心想学习会计实务，从事会计行业者方可投简历，谢谢合作。"
128,【计算机科学与技术】,年龄：****-****周岁学历：大专以上学历要求：1、限应届毕业生；      2、能够熟练操作电脑、能熟练维护电脑软、硬件，懂操作系统和网络维护，有编程经验者、了解税务知识、计算机和财会专业优先；      3、责任心强、沟通能力强，能与人团结、吃苦耐劳；      4、品貌端正，无不良嗜好，不吸烟；
129,国际经济与贸易,"大专以上学历，CET四级以上，熟悉外贸流程，能够使用英语与国外客户进行沟通及书写相关文书；有责任心、团队合作意识强；有效开发国际市场，工作自主能动性强。主要客户市场是南美、东南亚地区、俄罗斯等地区,有印刷纸品加工设备销售经验者优先。****公司已是多个网络商务平台的付费会员，为业务发展提供十分良好的舞台，工作环境宽松，气氛紧凑。有志加入之人士请随时与我联系。    机器基本上在8万美金以上，待遇是基本底薪+提成，并提供良好机械方面知识培训，使新进同事快速上手。     请联系"
130,国际贸易学,"     1.****岁以上;     2.大专以上学历;     3.国际贸易或外贸英语专业;     4.英语六级以上,口语流利,善于与外商沟通,熟悉外贸流程;     5.有电子行业国际贸易经验一年以上;     6.深户及带港澳通行证者优先;     7.工作地点：布吉坂田"
131,经贸英语,"1)有一定的外贸经验,做过类似的产品业务.2)外语流利,能跟客人自由对话!3)能够很好的安排工作,对分配的工作能及时完成!4)吃苦耐劳,能适应工作的需求!5)谈吐大方得体,能认真执行经理分配的任务!6)大专以上文化程度7)有腰带,手袋等相关产品工作经验的优先****公司目前在深圳关外布吉南岭,无意在关外工作,请勿投简历!"
132,计算机科学与技术,1、计算机专业大学本科以上，有志于从事市场开发工作。2、熟悉局域网技术，有独立搭建局域网能力。3、擅长ASP或者PHP技术，熟悉SQL，能独立制作产品展示网站。4、懂网站推广，有1年以上网站推广经验，需提供证明。5、熟悉网站优化，对网站SEO有一定认识了解。6、具备网络信息安全知识。7、熟悉电脑硬件知识，能解决日常电脑问题。8、英文阅读能力达大学英语6级。（此项不符合者，请勿投简历）
133,人力资源管理,"男女不限,中专以上学历,有一年以上相关工作经验,有6S及ISO****的推行及管理经验,头脑灵活,接受能力强,有较强的文书写作能力,能道理完成上级领导交办的工作.试用期:****-****元/月."
134,电子材料与元器件,"业务员:2名,男女不限,高中以上学历,形象气质佳,有亲和力，能吃苦耐劳,能承受一定的工作压力,有电子元器件销售经验者优先!底薪+提成!"
135,计算机网络与多媒体,"有两年以上ERP管理经验，有电子企业工作经验，能够独立使用数据操作日常工具绘制分析图标和出具各种信息报告，有强烈的团队组织和合作意识，良好的人际沟通和交住能力。注:此职位在关外上班(公明工厂),无意到关外工作者勿投!"
136,机械制造及其自动化,1、若干名，身体健康，机械及相关专业中专以上学历；2、有机械设备装配、维修工作三年以上经验，熟悉机械图纸，懂机械、电器基本原理，能吃苦耐劳，工作细心主动，有印刷、纸品加工机械设备维修经验者优****公司包食宿，一经录用，待遇从优。
137,电子商务,"1. 基本条件：电子商务专业 2. 具有B2B网站的相关推广技巧，有网站后台管理,推广, 销售产品经验更佳； 熟悉搜索引擎GOOGLE,YAHOO及B2B网站的信息发布流程,有实际从业经验者优先. 3. 能独立完成后台管理维护.4. 熟练操作相关网络工具/软件, 熟悉电子商务以及网络运用. 5. 熟悉外贸流程以及外贸知识.6. 工作踏实认真负责.职位描述：1.每天网络推广及信息搜寻(国外网站)，通过网络沟通实现产品销售.2.在阿里巴巴国际平台发布广告，开拓新客户.3.参与网站加数据库编制.4.更新产品信息.5.可上晚班.6.没有工作经验免试."
138,会计学,财务助理：毕业于财务院校，做事认真细心，有责任心，性格温和，有工作经验者优先。待遇因人而定！
139,会计电算化,1、中专及中专以上学历，会计、财务等相关专业；2、女性，年龄在****至****岁以下。3、有深圳市会计从业资格证书。熟悉一般纳税人的操作流程，具备一定全盘操作账务的经验和能力。4、需两年以上财务工作经验，熟悉现金及银行帐务处理及各类银行办事程序。5、熟练操作财务软件（K3)及各类常用办公软件。6、具备相应的财务会计知识、基础的税法知识。7、工作细心、责任心强
140,计算机网络与多媒体,1、艺术设计或计算机相关专业，大专以上学历，英语4级以上。2、熟练掌握网页制作软件，如Flash、Dreamweaver、Photoshop、Coreldraw等网页和平面设计工具。3、熟悉W3C标准，精通CSS、HTML语言及其规范，熟悉JavaScript或VBScript；熟悉运用div+CSS布局优先考虑。4、具备扎实的美术功底与色彩感，对平面或动画设计具有丰富和优秀的创意能力。5、两年以上网页设计经验；能够独立设计并制作完成网站项目优先考虑。面试时需提供作品。6、能够熟练运用数码相机拍摄实物图片，并运用专业软件进行图片效果处理。7、电脑局域网、硬件维护有非常强的操作经验。8、具有良好的沟通能力和团队合作精神，工作积极主动，认真负责。
141,【计算机科学与技术】,"二年以上工作经验,从事过工程文员优先."
142,英语,掌握一门海外语言，要求口语、写作能力非常，能够独立接待国外客户和独立开发国外市场，要求为人勤奋，能够吃苦耐劳，能够适应海外贸易时差的工作需求。注：多国语言以：英语、日语、韩语、德语、法语、俄语等专业的外贸业务员。
143,电子信息科学与技术,2年以上8BIT单片机（SONIX）开发经验，硬件精通，对消费类电子产品有较深的认识，熟产品安规。
144,会计学,1、年龄在****-****岁；2、大专以上学历，有会计上岗证和中级会计师，财会工作经历6年以上；3、具有全面的财务专业知识，财务处理及财务管理经验，有账务处理和会计核算能力；4、精通国家财税法，谙熟国际和国内会计准则以及相关的法规、政策；5、反应敏捷，敢于负责任，有良好的职业道德和敬业精神，态度正****公司有长期合作的打算。6、能承受较大的工作压力，心理素质强，有沟通协调能力，善于团结协作，熟识电脑操作。
145,国际贸易学,外贸业务员要求如下：1.男女，年龄不限2.英语专业3.熟悉外贸流程如你符合以上****公司联系！
146,机械设计及理论,机械设计及相关专业大专以上学历，有二年机械行业作业流程、工艺编制工作经验，对机械设备制造、加工流程熟悉，能承受工作压力和耐劳，有较强的文字表达能力，沟通、协作能力好。
147,市场营销,我公司主要经营笔记本，手机，数码产品，现招聘外贸专业人事，要求：熟练操作网上各B2B平台，比如：EBAY，墩煌，雅虎，网上购物网等。工作1年****公司现有商务平台中国制造。诚邀敢于挑战的业务精英！
148,电子信息工程学,"会使用protel、pads、C语言,有开发过数码电池、笔记本电池优先。"
149,国际贸易学,１、2年以上营销工作经验，良好的业务拓展能力，懂进出口贸易销售流程。２、英语六级以上，诚信务实。３、有打印机耗材方面知识者优先。
150,金融学（含保险学）,"大专以上学历,保险\汽车\机械\法律等相关专业,身体健康,****CM以上,持C牌以上驾驶执照,并有一年以上驾驶经验,熟悉深圳市的道路交通状况,具有一定的车险理赔工作经验，持有公估证或汽车维修初级证者优先。"
151,【电子科学与技术】,"8BIT单片工程师,熟悉SONIX单片机的开发,从事小家电等电子消费类产品开发工作一年以上的工作经验,懂硬件优先考虑."
152,【经济学】,财经专业中专以上学历，应届生亦可；工作经验不限，经短期指导后能独立做账；工作细心、气质好，与政府部门办事要有耐心；能运用电脑办公软件和财务软件；有会计证、****公司****公司注册经验的优先。
153,办公自动化,"1.熟练WORD,EXCEL,PHOTOSHOP软件.2.认真,积极,有耐性."
154,土木工程,"职位描述：负责施工现场管理及工程部管理，能进行工程的预、结算。任职要求：****岁以上，电气或建筑相关专业毕业，持有项目经理资格证;具备施工现场管理二年以上管理经验，熟练应用电脑绘图软件,有大****公司工作经验;良好的组织协调能力,熟悉预、结算者优先;"
155,【电子科学与技术】,"1.高中(含)以上学历,年龄****岁以下,男女不限;2.二年仓库管理经验,熟悉仓库作业流程;3.电脑操作熟练,熟悉仓库帐目管理;4.能吃苦耐劳,能配合工作需要加班;5.责任心强,上进心强,工作细心,具备一定的沟通协调能力."
156,汽车工程,****-****岁，高中以上学历，具备汽车修理资格证书，具有丰富的汽车修理工作经验。
157,电子材料与元器件,"熟悉电子厂的运作流程,熟悉质量管理的理论与实践操作.能够配合研发工程师完成开关电源制样、制程（相关作业指导书及懂生产线工装治具制作，标准工时),有较强的工作主动性、责任心、团队合作精神及创新精神.有相关电源行业者优先录取。"
158,英语,此招聘信息由系统根据单位搜索条件自动生成！
159,电路与系统,（1）电子、计算机及相关专业毕业，本科以上学历；（2）具有很好的硬件电路设计基础、能熟练进行单片机、DSP软件编程，对常用单片机外围器件熟悉；（3）具有独立产品开发、设计能力，有多个产品的成功经历，2年以上专业产品研发发经验；   以上条件要同时具备，可投简历。（4）能同时有上位机软件编程经验者优先。与上述要求不符，请不要投简历     
160,【机械工程】,高中或中专以上学历，会看机械图纸，能独立操作铣床，有二年以上铣床加工经验。能吃苦耐劳，服从安排。
161,经贸英语,"1)有一定的外贸经验,做过类似的产品业务.2)外语流利,能跟客人自由对话!3)能够很好的安排工作,对分配的工作能及时完成!4)吃苦耐劳,能适应工作的需求!5)谈吐大方得体,能认真执行经理分配的任务!6)大专以上文化程度7)有腰带,手袋等相关产品工作经验的优先****公司目前在深圳关外布吉南岭,无意在关外工作,请勿投简历!"
162,会计学,一、大专及以上学历，三年以上工厂工作经验，有会计从业资格证，有两年从事成本会计工作经验，具备较强的研究学习能力，把财务工作的责任心作为自己执业的生命线。二、意志坚定，体力充沛，作风硬朗。能将沟通和合作当作最重要的工作手段来运用。电脑操作精通、财务软件熟练。熟悉成本核算及成本分析工作（注：无工厂工作经验勿投，谢谢合作）三、主要工作内容：1.核算产品销售报价2.期末盘点，结转当期成本3.期末出具产品销售毛利汇总表等
163,电子信息科学与技术,大专以上学历，电子类或市场营销专业优先，一年以上工作经验，能熟练操作计算机，具备良好的语言表达能力，具备开拓市场能力。
164,【电子科学与技术】,职位名称：硬件工程师职位概要：    设计、开发、调试、维护、管理符合功能、性能要求的硬件产品。岗位职责：    1、硬件平台的开发，主要包括器件的选型、详细设计、原理图的绘制、PCB检查、硬件板的调试等     2、硬件板的测试和支持系统测试     3、支持结构组完成规格设计 任职要求：    1、电子通信类或者相关专业本科以上学历，英语熟练；    2、三年以上从事硬件相关工作经验，有GPS研发经验者优先；    3、良好的产品意识，质量意识和客户意识    4、工作认真主动，态度积极，有较强的责任心，    5、善于沟通，较强的学习能力，具有良好的团队精神和协调能力。
165,会计学,一、大专及以上学历，三年以上工厂工作经验，有会计从业资格证，有两年从事成本会计工作经验，具备较强的研究学习能力，把财务工作的责任心作为自己执业的生命线。二、意志坚定，体力充沛，作风硬朗。能将沟通和合作当作最重要的工作手段来运用。电脑操作精通、财务软件熟练。熟悉成本核算及成本分析工作（注：无工厂工作经验勿投，谢谢合作）三、主要工作内容：1.核算产品销售报价2.期末盘点，结转当期成本3.期末出具产品销售毛利汇总表等
166,机电一体化,机电一体化及相关专业大专以上学历，有三年以上机械设备制造行业电气自动化开发设计工作经验，熟悉PLC编程及重要控制器件的配置维修，具有团队精神，学习沟通能力强。
167,设计艺术学,"1、美术或相关设计专业大专以上学历，2、2年以上平面设计经验，精通Photoshop、CorelDRAW、illustrator等平面设计软件，懂得CAD及3DMAX者可优先考虑；3、做事严谨踏实，具有良好的创新思路和表现能力，对作品质量负责；4、了解印刷行业，并具有丰富的印前、印中实际经验；5、个性积极、主动、责任心强、能承受工作压力,可独挡一面；6、有商场画册、海报、DM、书刊设计制作经验，有酒店用品、商场平面设计经验优先；"
168,电子信息工程学,"要求电子类中专以上文凭，为人诚恳，工作负责，熟悉PROTEL****自动排版系统；对计算机常规软件和网络知识熟悉，语言表达清晰,工作有耐心。"
169,市场营销,1、男女不限，大专以上学历2、语言表达能力强，英语听，读，说，写熟练，熟悉市场开拓流程，思维敏捷，具有市场营销售经验及客户沟通能力，有外贸销售工作经验者优先3、综合素质好，电脑办公软件操作熟练4、有责任心，能承受工作压力，具有吃苦耐劳精神5、能独立完成整个出口业务流程的操作，有效强的沟通技巧6、工作主动上进，责任****公司一切管理制度
170,英语,要求能用英语流利对话，６－８级，２年以上工作经验，会广东话和从事灯具照明行业者优先．欢迎光临我司网站
171,【计算机科学与技术】,"1、****-****岁，职高、中专以上学历，电子相关专业毕业，一年以上工作经验优先考虑！2、熟悉常见电子器件、电子原理图及PCB板，能熟练使用Office等办公软件；3、有较好的语言和文字表达能力，良好的分析解决问题的能力；4、为人诚实，沟通能力和客户服务意识强，具有吃苦耐劳和团队合作精神。乘****、****、****、****、****、****、****、****等路车海滨新村下即****公司在宝安中心区,不愿宝安上班的,请不要乱投简历,谢谢合作!简历请勿以附件形式发送，一定要注明应聘的职位！！！"
172,市场营销,高薪聘请：国际贸易专业，英语说写听能力强，有一年以上视听产品工作经验。能管理部门内相关工作，有车载产品销售经验者优先（高薪再加高额提成）。
173,【土木工程】,1、三年以上现场预结算经验，能独立完成房建、市政、安装工程预结算及工程变更签证工作，有预算员证、造价员证优先。
174,会计学,此招聘信息由系统根据单位搜索条件自动生成！
175,经贸英语,"1)有一定的外贸经验,做过类似的产品业务.2)外语流利,能跟客人自由对话!3)能够很好的安排工作,对分配的工作能及时完成!4)吃苦耐劳,能适应工作的需求!5)谈吐大方得体,能认真执行经理分配的任务!6)大专以上文化程度7)有腰带,手袋等相关产品工作经验的优先****公司目前在深圳关外布吉南岭,无意在关外工作,请勿投简历!"
176,市场营销,职位****公司品牌的整体策划2、策划具体市场推广方案2、组织、编制、实施的各种市场活动；任职资格：1、教育背景：市场营销或相关专业专科以上学历；2、培训经历：受过市场营销、市场调研、品牌策划等方面的培训；3、经验：有多年的市场调研策划及大型组织活动工作经验；1****公司3年以上的行销工作经验，工作风格追求实效；4、技能技巧：1) 具备良好的市场意识，对市场变化敏感，能敏锐抓住市场机会；2) 具备宏观规划能力，优秀的分析能力和策划及写作能力；3) 能够独立组织制定市场规划、市场销售策略、产品拓展等工作；4) 具备较强的口头及书面沟通能力；5、 态度：1) 积极主动、灵活应变、认真负责；2) 沟通协调能力强；3) 工作态度认真，能在较大的压力下保持良好工作状态，作风踏实严谨
177,经贸英语,"1)有丰富的外贸经验,做过类似的产品业务.2)外语流利,能跟客人自由对话!3)有一定的管理才能,可以掌控整个产品组的工作进展!4)吃苦耐劳,能适应工作的需求5)谈吐大方得体,能认真执行经理分配的任务!6)大专以上文化程度****公司在深圳关外布吉南岭村,无意在关外工作者请勿投简历!"
178,机械制造及其自动化,机械类及相关专业大专以上学历，有三年物料、生产进程管理和控制工作经验，有较强的筹划、统计、监管能力，能根据生产需要编制合理物料计划，并及时有效地对物料采购及成本进行分析、跟进、控制。
179,【电子科学与技术】,1 三年以上电子厂生产管理经验，熟悉电子行业的生产流程。2 大专以上学历，电子技术相关专业3 对人员的沟通及协调有良好的技巧。4 具有很强行政能力。
180,经贸英语,"1)有一定的外贸经验,做过类似的产品业务.2)外语流利,能跟客人自由对话!3)能够很好的安排工作,对分配的工作能及时完成!4)吃苦耐劳,能适应工作的需求!5)谈吐大方得体,能认真执行经理分配的任务!6)大专以上文化程度7)有腰带,手袋等相关产品工作经验的优先****公司目前在深圳关外布吉南岭,无意在关外工作,请勿投简历!"
181,日语,"1,有1年以上相关工作经验(无经验者勿投)2,日语国际能力测试2级以上3,有责任心,接受能力强,悟性高4,端庄大方"
182,电子材料与元器件,"业务员:2名,男女不限,高中以上学历,形象气质佳,有亲和力，能吃苦耐劳,能承受一定的工作压力,有电子元器件销售经验者优先!底薪+提成!"
183,人力资源管理,1.熟练运用人力资源管理的技巧.如人才测评等等.2.有很好的方案能为企业长期发展提供人力保障.3.熟悉生产型企业绩效考核4.对企业文化管理和企业内训有一定经验.
184,国际经济与贸易,"1.善良，端庄大方, 富有涵养; 大专/本科毕业.2.要求至少1年以上电子/数码/电器外贸销售经验;懂日语优先.3.英语专业优先.4.英文4-6级, 英文口语佳, 读写流利.5.勤奋，细心热情，虚心好学, 积极进取, 能承受一定的工作压力， 富有团队精神.6.工作地点: 深圳宝安中心区(南头关附近).7.有意者，请发英文简历和一张最近半年的个人生活彩色照片到电子邮箱"
185,计算机应用技术,1 机电一体化或电子应用专业 2 三年以上品质工程经验 五官端正 身体无残疾3 能熟练使用办公软件 4 能熟练运用品质管理手法； 熟悉产品的整个生产过程品质控制流程，并能制作相关的品质标准文件。
186,【建筑学】,大专以上学历、理解能力强、结构感强、有施工制图经验，熟练CAD软件、有上进心、责任心、敬业。
187,公共事业管理,1名；女性；****-****岁；中专以上学历；专业不限；半年以上同等职位工作经验；  1、未婚；  2、形象佳，仪表大方，身高1.6米以上，有亲和力；  3、电脑操作熟练，会说标准的普通话，语音甜美；  4、心细性格外向，做事认真，沟通与协调能力较强；  5、应届毕业生优先，具有较强的文笔功底。
188,计算机应用技术,面试待定
189,设计艺术学,1.熟练运用各种设计软件（FreeHand、ILLustrator、CorelDraw、Photoshop、3DMAX），2.大专以上学历，广告、产品开发设计等相关专业。三年以上产品开发或广告创意相关经验3.受过产品开发、市场营销、产品知识、消费者心理学等方面的培训。4.对产品开发设计流程、产品工艺流程、广告平面设计流熟悉。有美术功底。5.有进取心、工作努力、责任感强，高度的工作热情，勇于接受挑战，喜欢从事富有挑战性的工作。6.良好的沟通、协调能力和团队合作精神。7.有文案编写、品牌推广实践经验者优先。
190,生物医学工程,1、招聘2名，男女不限，年龄在****—****岁，身体健康；2、大专以上学历，医疗或化工专业，二年以上工作经验，普通话标准，熟练操作电脑办公软件，有实验室工作经验或熟悉了解实验室工作操作流程。3、性格开朗、工作认真、责任心及沟通能力强，有团队精神及电话营销经验者优先。
191,【电子科学与技术】,"1.高中(含)以上学历,年龄****岁以下,男女不限;2.二年仓库管理经验,熟悉仓库作业流程;3.电脑操作熟练,熟悉仓库帐目管理;4.能吃苦耐劳,能配合工作需要加班;5.责任心强,上进心强,工作细心,具备一定的沟通协调能力.工作地点：石岩"
192,英语,主要工作描述：协助总****公司事务。工作具体要求：1）大专以上学历，女；2）英文6级以上，读、说、写能力强。
193,计算机应用技术,"网络管理作业经验,懂电脑安装维护,彩页设计，能熟练运用CAD PHOTOSHOP等软件进行平面设计。"
194,电子材料与元器件,"****岁以上,有电子元器件采购经验者优先,能吃苦耐劳."
195,电工理论与新技术,1.能吃苦耐劳2.有电工证。3.有工厂电工工作两年以上经验.有塑料软管行业相关工作经验者优先
196,计算机科学与技术,1、精通C、C＋＋或C＃；2、熟悉网页设计；
197,工民建,熟练掌握专业知识。有生产管理经验且3年以上。善于沟通，有积极性。上进心****公司管理经验者优先。
198,国际贸易学,"1、性格活泼,举止大方,熟悉国际商业平台,有营销工作经验，良好的业务拓展能力，懂进出口 贸易销售流程。2、英语六级以上，诚信务实。3、有从事过外贸业务及打印机耗材方面知识者优先。"
199,会计学,大专以上学历，财务专业，能够吃苦耐劳，需要深户担保。
200,市场营销,任职要求：1、有5年的业务工作经验，有二年的业务团队领导经历；2、大专以上学历，形象端正、健谈、性格外向、处事稳健；3、对珠宝产品有喜爱者优先，是佛教徒者优先；4、须提供深圳户口担保；5、要求应聘者是从善从孝的人；6、工作职责：维护已经有的客户、并开拓新客户、协助下属完成当月的销售计划任务和年度工作计划、搜集行业中和市场的相关信息、对本部的工作绩效负责全部责任。
201,【地质学】,1、工民建、建筑工程、水利水电工程建筑、岩土工程等专业应届毕业或已毕业本科生或硕士研究生；2、性别不限；3、年龄不超过****岁；4、基础工资****元，基本工资约****-****元（基本工资=基础工资+学历津贴+岗位津贴+住房补贴+工龄补贴），若包住宿，扣除住房补贴。若不包住宿，住房补贴为****元/月；岗位津贴分5级。5、试用期3个月，期间只发基础工资及住房补贴；6、无法调动人事关系，人事档案资料需由本人自行临时存放于深圳市人才大市场等处。
202,人力资源管理,"1.对现代企业人力资源管理模式有系统的了解和实践经验积****公司人事行政的基本框架及制定部门长期/短期工作目标，并组织落实。2.组织、协助、****公司的各项决议及规章制度;3.****公司行政、人事管理制度****公司人力资源规划和招聘任务;4****公司各项培训工作; 5****公司企业文化建设；6.较强的分析、解决问题能力，执行力强,思路清晰，考虑问题细致；具有很强的人际沟通、协调、组织能力以及高度的团队精神，责任心强。"
203,汉语言文学,气质、文笔、语言、电脑均好。
204,【电子科学与技术】,1、电子相关专业，三年以上电子厂管理经验；2、熟悉车载MP3、数码产品组装流程;3、具有全面统筹工厂管理工作能力，确保产品品质并提升工厂效率;4、在中型企业从事过生产制造、人力资源管理。
205,【电子科学与技术】,1、三年以上工厂管理经验 。2、优秀的的沟通协调能力、书面及语言表达能力，善于应付各种突发事件，擅于内外协调； 3、具良好的亲和力及语言表达能力，富有团队合作精神及高度责任心，做事踏实勤勉，工作效率高。4、电子相关专业，同时具有生产管理经验者优先。
206,会计学,大专以上学历，财务专业，能够吃苦耐劳，需要深户担保。注：仅限女性，要求能够胜任工厂比较差的工作环境，身材在1.****米以上，能够胜任强度    比较大的统计和成本核算工作。
207,市政工程,有房屋建筑或市政工程资料整理及施工管理经理。工作地点深圳市宝安区。
208,桥梁与隧道工程,1、****-****周岁，相关专业大专或以上学历，助理工程师及以上职称；2、熟练使用办公自动化软件及CAD制图软件；3、能够熟练应用全站仪、经纬仪等各种测量仪器；能够独立完成测量资料，能够完成测量施工方案。 4、具有良好的职业素质、团队精神和沟通协调能力；5、熟悉市政工程，有隧道测量工作经验；6、要求常住工地。
209,电路与系统,"（1）电子、计算机及相关专业毕业，本科以上学历；（2）具有3年以上独立摄像机视频研发经验,能按要求完成摄像机视频研发.（2）具有很好的硬件电路设计基础、能熟练进行单片机、DSP软件编程，对常用单片机外围器件熟悉；（3）具有独立产品开发、设计能力，有多个产品的成功经历，2年以上专业产品研发发经验；   以上条件要同时具备，可投简历。（4）能同时有上位机软件编程经验者优先。与上述要求不符，请不要投简历"
210,经贸英语,本科以上学历，英语6级以上，英语专业，具备英语非常熟练的听说读写能力.并能熟练操作办公软件，能够独立开发海外客户。
211,英语,1、国家统招全日制本科毕业。商贸英语专业或者国际贸易专业。2、英语听说读写流利，英语证书必须6级以上。（此项不符者勿投简历）3、有至少一年一上外贸工作经验。4、有ALIBABA英文B2B网站相关操作经验。5、熟练使用PHOTOSHOP或相关图片处理软件。6、熟练使用WORD，EXCEL等相关办公软件。
212,电子商务,"市场营销或电子商务相关专业,有一年以上的网络销售经验.对网络销售流程熟悉,沟通能力强,对电子产品熟悉的优先考虑.而综合素质高的优秀的应届毕业生也可,敬业具团队精神.请将详细个人简历发送至"
213,英语,本公司是专业从事汽车电子产品为主的出口型企业.现因海外业务扩张需求，现招业务员4名，诚聘以下职位人员：1 英语六级或者专业四级 以上听，说，写流利，能够进行英语电话交流和信件往来。2 性格开朗、热情，有强烈的责任心和上进心。3 富有团队精神和市场开拓能力。4 底薪加高提成。5 接收应届毕业生，提供培养。
214,电子材料与元器件,有二年以以电源行业同职位工作经验，熟悉电源流程及品质体系要求，有现代生产企业品质管理理念和思想，实干且富有开拓精神，沟通能力好，能承受工作压力。有内审员资格证优先。
215,电子信息工程学,1、单片机开发工程师、嵌入式系统开发工程师；2、熟悉8位或****位单片机；3、可以兼顾软硬件开发；4、可以阅读英文资料；5、有设计经验者优先。
216,【化学】,具备扎实的基础理论和基本操作技能，能处理化学分析中常出现的问题，具有较强的学习能力和接受新鲜事物的能力，具备较强的逻辑思维和分析判断能力，能独立承担大型仪器的操作、分析、维护、管理工作，能初步判断仪器出现故障的原因，熟练操作电脑，熟悉常见电脑故障的处理，具备较强的文献检索能力，符合深圳市职员聘用的基本条件，具有相关工作经验优先，试用期3个月（****元/月），合格后参加市人事局职员入编考试。
217,电路与系统,我公司急招聘：维修，测试组，装技术人员  2名  年龄****-**** 懂电子电路PCB电路和烙铁技术，例如交换机 路由器 等网络设备主要负责生产管理，不懂电路，没经验的勿扰，感兴趣的朋友电话联系 谢谢！
218,国际经济与贸易,思想端正，品质优良，对工作认真负责，英语熟练，特别是英语口语要流畅，熟练photoshop 和 coredrawl。
219,计算机网络与多媒体,1、有丰富的网站策划、建设、推广、反馈处理、维护经验。2、熟悉展会订位等工作，有品牌销售网络推广工作经验。3、熟悉电脑和电话网络布线、故障处理及电脑软硬件维护。
220,电子材料与元器件,"大专以上文凭，有一定的电子行业工作经验，能吃苦耐劳,有LED电子显示屏销售经验者优先."
221,电子材料与元器件,"大专以上文凭，有一定的电子行业工作经验，能吃苦耐劳,有LED电子显示屏销售经验者优先."
222,电子材料与元器件,"1、入职一个月内能范围内其中有2-3个工序操作最快，做事连贯、利落,心胸宽广,凡事不斤斤计较。2、能在入职一个月之内熟练操作范围内的生产工具、设备、仪器，对生产工具、设备、仪器有简单维护技术。3、上班能在本组人员中第一个到现场，下班是最后一个离开岗位，开工前必须准备，收工时必须清理现场。4、有一定的数学计算能力，能根据工序单价及产量熟练计算出工资。5、在岗位考核期为上任当月及次月期间，如考核不能胜任要能服从安排到原工****公司储备骨干名单（享受储备骨干的相****公司下次再选用骨干时优先选用；6、思想品德好、责任心强、有组织能力、爱岗敬业、乐于奉献，生产上敢打敢拼，勇于打头阵，敢于管理、善于管理，能自觉激励自身，不断进步，不断提高；7、熟悉充电器、变压器等电源流程  "
223,公共事业管理,"1、年龄****-****岁，中专以上学历，工作经验1年。2、身高1.****以上,声音甜美,亲和能力强.3、对邮件接收，客户接待，电话接听有一定的了解。"
224,英语,本公司是深圳专业生产车载电脑，触摸液晶显示器，数控产品的生产厂商现诚聘外贸经理外贸人员数名
225,电子材料与元器件,"能够配合研发工程师完成开关电源制样,制程(相关作业指导书及懂生产线工装治具制作，标准工时),有较强的工作主动性、责任心、团队合作精神及创新精神，具有良好的学习扩展能力,熟悉Protel****等相关线路设计软件"
226,【管理学】,中型企业人力资源、行政工作经验3年以上，管理职务2年，有员工关系实操经验，熟悉人力资源6大模块，担任过人力资源主管、办公室主任、行政经理相关职务的优先录用。持C1驾照并熟练驾驶，性别不限，为人正直，工作主动积极，熟练运用办公软件及设备。服从上级工作安排并能独挡一面。条件符合者****公司面试，应届毕业生、无相关工作经验者不予考虑，请谅解。
227,【工商管理】,"熟悉房地产销售后续工作流程,有相关工作经验以及机动车驾驶证优先."
228,平面设计,"美术专业毕业,在相关行业有至少2-3年实际经验, 责任心强,工作踏实主动,具备协作通融的团队精神。平面设计师应熟练掌握Illustrator、Photoshop、Coraldraw、indesign 待遇：包午、晚两餐。提供房补或宿舍、年假、社保。工资底薪****加提成。注：谢绝应届毕业生"
229,机电一体化,熟悉PROE与CAD等绘图软件，能自已独立出新方案开发新设备，对机加工件与外发要熟悉，对开发非标设备有一定的经验，对自已岗位责任心要强。
230,【其他专业】,****公司****公司工作地点:南山区艾文葡萄酒名店 职位描述：年龄：****-****岁，，高中以上学历职位要求：1.诚实守信，敬业爱岗，热爱葡萄酒事业； 2.品貌端庄，具亲和力 3.具备服务行业的相关经验； 4.具备良好的沟通能力和团队协作能力； 5.有葡萄酒销售经验者优先；
231,企业管理,大专以上学历、男性。懂企业管理、擅长企业经营、有较强的协调能力。善于沟通、有极强的事业心责任心、有一定的体育工艺工程管理经验。
232,电子材料与元器件,"思想端正，品质优良，吃苦耐劳,对工作认真负责,有采购工作经验,熟悉数码产品及手机者优先考虑。"
233,企业管理,"在深圳有一定的实践销售工作经验,及社会阅历,项目洽谈,公共关系协调能力.气质形象较好,谈吐能力较强.男女不限."
234,电子商务,"电子商务专业的应届或有工作经历的有志于网络营销工作的有识之士,都欢迎加盟."
235,经贸英语,要求身体健康，相貌端正；要求工作认真，能吃苦耐，有团结合作精神；如有外贸文职工作经验者优先。
236,会计学,1、男/女，****-****，3年以上餐饮、酒店会计相关岗位工作经验；2、财务会计或相关专业中专以上学历；3、对餐饮、酒店财务管理有一定的了解；4、较熟练使用餐饮财务软件和办公软件；5、熟悉会计制度和税法及财务核算的整个流程，能够独立完成对外报表、酒店内部的财务管理和财务核算工作，能独立操作整个酒店的财务核算；6、工作严谨细致、踏实认真、责任心及团队合作意识强；
237,微电子学,有电子电路和熟练焊接生产经验，有维修经验优先；
238,【计算机科学与技术】,"1)有一定的相关产品跟单经验,能及时反馈相关的产品问题!2)略懂英文,有相关的产品知识!3)能够很好的安排工作,对分配的工作能及时完成!4)吃苦耐劳,能适应工作的需求!5)谈吐大方得体,能认真执行经理分配的任务!6)中专或高中以上文化程度7)有手袋,腰带,发饰等工作经验的优先考虑****公司目前在深圳关外布吉南岭,无意在关外工作,请勿投简历!"
239,会计学,"会计专业,助理会计师以上职称,有深圳会计证,五年以上工业企业全盘帐务处理经验,熟悉税法及深圳各项税务政策,了解深圳税务部门的办事流程,熟练运用办公软件及金蝶财务软件,有一定的社交能力"
240,计算机网络与多媒体,"1）懂B2B,C2C网络推广及刷新网页排名， 源代码****公司网络及制作logo等3）租用空间和网站建设，搜索引擎化，网络广告投放，整全营销4）懂google等非中文的网络推广和投放广告5）英语4级以上6）有在大****公司工作经验"
241,【航空宇航科学与技术】,汽车设计经验优先
242,会计学,财经专业中专以上学历，应届生亦可；工作经验不限，经短期指导后能独立做账；工作细心、气质好，与政府部门办事要有耐心；能运用电脑办公软件和财务软件；有会计证、****公司****公司注册经验的优先。
243,电子材料与元器件,"有成品核算和往来账处理经验,熟悉电子材料（有电子厂工作经验,并接触过电子件）往来账处理即可。（持深圳会计证）注:此职位在关外上班(公明工厂),无意到关外工作者勿投!"
244,会计学,会计或财务管理专业大专以上学历，有二年以上全盘财务工作经验，能熟练进行往来、成本等帐务处理，熟悉办税程序，工作责任心强，耐心细致，有消费类行业工作经验者优先。（工作地点在南山区）
245,电子信息科学与技术,熟悉变频器工作原理，有现场调试经验，熟练运用PLC
246,电子材料与元器件,"****-****岁,中专以上学历，形象气质佳、优雅大方、声音甜美，有娴熟的沟通能力，能说流利的普通话及白话,有团队精神，能吃苦耐劳,能接受出差到广东范围内,有组织能力以及良好的职业道德修养,有1年以上的相关工作经验，熟悉充电器、开关电源销售者优先。"
247,【电子科学与技术】,会使用protel、pads等软件，有开发过大功率、开关电源经验。
248,【电气工程】,电子或机电一体化专业，有电子行业相关经验，一年或一年以上工作经验，动手能力强，能吃苦耐劳试用期：****-****元/月                      转正后：计件/实计工资****-****元以上/月
249,日语,"1)有开发海外客户经验者2)日语二级以上,口语佳3)形象好,气质佳4)有责任心5)无经验者勿投"
250,平面设计,"要求：1中专或中专以上学历,普通话流利2、语言表达能力强,能吃苦耐劳,善于交流,具有团队合作精神. 3、熟练操作Office办公软件。4、熟练操作平面设计软件：corel9与photoshop7,有美术功底优先！"
251,电子材料与元器件,1、业务工作经验1年以上；2、有电子商务、电话营销，上门拜访工作经验优先；   （必须符合此三项当中任意一项）3、性格外向，做事果断。
252,【计算机科学与技术】,"从事计算机通信维护工作一年以上经验,对交换机、数据库有所了解"
253,【土木工程】,关于建筑工程的任何专业，熟悉深圳市市政工程资料，定额的优先。
254,【电子科学与技术】,1、本科以上学历，电子、通信类专业，3 年以上技术研发工作经验。2、熟悉国际及国内LED技术发展趋势，具备较强的实际工作能力。3、负责研发（光学、结构、电源、大功率发光管封装）及部门管理。4、具备较强的管理能力、人才队伍培训能力。5、待遇面议。6、工作地点：郑州，有意者，请直接电话联系。
255,电子材料与元器件,"  ****-****岁,中专以上学历，形象气质佳、优雅大方、声音甜美，有娴熟的沟通能力，能说流利的普通话及白话,有团队精神，能吃苦耐劳,能接受出差到广东范围内,有组织能力以及良好的职业道德修养,有1年以上的相关工作经验，熟悉充电器、开关电源销售者优先。  "
256,土木工程,1、土木工程相关专业毕业，具有初级及以上职称；2、具有大型房建或公共建筑监理经验；3、取得中华人民共和国住房和城乡建设部颁发的注册执业证书或取得全国注册监理工程师任职资格者优先；4、热爱监理行业。
257,【计算机科学与技术】,一、要求：1.正规大专（含）以上学历；计算机，电子工程，采购、供应链管理或国际贸易专业，英文读写熟练优先；2.具有电子器件、PCB、塑胶、五金件等产品采购经验一年以上；3.熟悉品质管理及ISO品质管理体系；4.熟悉供应链管理，对供应商管理，成本控制，库存管理等方面有丰富经验。5.品行良好，思路缜密清晰，良好的分析技巧和沟通技巧，较强的问题解决能力，工作积极主动，能承受较大的工作压力，为人正直，具备高度的责任感和良好的敬业精神，具备优秀的谈判能力和，良好的团队服务意识和对企业忠诚度。6.优秀的产品搜索能力，学习能力强，自我控制能力****公司管理，适应规范的采购管理体制，熟悉本地、周边地区采购市场。7.能独立开发/评估/考核供应商；具备较强的采购工作管控能力，有OE****公司的采购和评估经验优先录用。二、工作职责：1.负责审核评估现有的供应商以及新供应商的开发和商务****公司的采购战略进行供应商的管理和维护，确保在整个周期内提供合理的价格、质量和服务，确保所需产品的准时到货；2.负责对产品的****公司市场需求和计划实施采购，参与供应商的资格评定及管理； 3.确保以生产计划为基础进行具体的生产任务实施及效率的提高；4.负责采购产品的成本控制；5.负责收集市场信息，了解行业动态，能独立开展业务。
258,平面设计,任职要求：1、有3年以上的业务工作经验，应聘者是佛教徒优先，；2、大专以上学历，形象端正、健谈、性格和譪、富有创造性；3、对珠宝产品和行业喜爱者优先；4、须提供深圳户口担保。5、工作****公司目前各部需要的各类平面设计图样和网络使用的电子版的平面作品、需根据上司所提出的要求对准项目的内容进行规划，并拟出相关的策划方案、协助上司或各部做好本月的工作计划和年度工作计划、搜集行业中和市场的相关信息。
259,【计算机科学与技术】,"****公司****公司里的一些资料整理,图片处理,样品室的整理及人员的作息考核,办公室文具方面的采购等.    协助业务做一些跟单工作!    1)中专以上学历     2)电脑熟练,会基本的办公软件,会使用PHOTOSHOP.    3)谈吐大方,会考虑各方面处理事情     4)能吃苦耐劳,胜任工****公司在关外布吉南岭村,如果无意在关外工作,请勿投简历!"
260,会计学,1、会计相关专业，持有会计从业资格证书，有1年以上出纳工作经验；2、品行端正，做人做事诚恳、踏实，工作认真细致，责任心强；3、熟练运用办公软件及财务软件；4、女性。
261,电子材料与元器件,"1.大专以上文凭，有两年以上销售经验，或有1年LED电子屏销售经验。2.能吃苦耐劳,有良好的职业道德3.勇于挑战高薪工作地点：石岩无销售工作经验者请勿投简历"
262,【计算机科学与技术】,"职位名称：软件工程师职位概要：    设计、开发、维护、管理符合功能、性能要求的软件产品。岗位职责：    1、参与项目需求分析和系统框架、核心模块的详细设计；    2、根据开发进度和任务分配，完成相应模块软件的设计、开发、编程任务；    3、进行程序单元、功能的测试，查出软件存在的缺陷并保证其质量；    4、编制项目文档和质量记录；    5、维护软件使之保持可用性和稳定性；    6、根据需要不断修改完善软件；    7、根据需要协助系统测试和建立测试环境；    8、协助编制用户使用手册及相关应用软件的安装调试工作；    9、上级主管分派的其他工作任务。任职要求：    1、计算机软件相关专业本科以上学历，2年以上GPS软件开发经验；    2、要求具有GPS软件系统的开发经验。    3、熟练掌握MapInfo，MapX，MapXtreme（****，****）开发技术；    4、熟悉.Net平台，会用C#，Asp.net，VS****经行简单程序的开发；    5、熟悉SQLServer****数据库,有数据库设计经验；    6、思路清晰，工作规范，较强的团队协作精神和责任心；    7、良好的沟通和理解能力，从事过GPS产品人员优先录用。"
263,机械制造及其自动化,机械制造类，机电一体化专业；2年以上相关工作经验。专业知识扎实，头脑灵活，动手能力强，会自动铣床、车床，电焊技术。
264,市场营销,"1、高中以上学历，年龄****岁以下2、有较强的语言表达能力，2年以上电话营销/客服工作经验；3、熟悉客服关系管理的原则和方法，有良好的客户服务意识；4、有高度的责任心良好的沟通交流和协调能力，对待客户细心和有耐心；5、有新客户开发能力,曾在银行客服部工作者优先。"
265,电子信息科学与技术,八年以上同职工作经验，有在生产充电器，数码相机适****公司工作过。
266,电子材料与元器件,1．工作认真负责，有责任心与吃苦精神，有良好的职业道德和敬业精神。2.      对电子方面有一定的了解。
267,【其他专业】,"仓库发货员:限男性,中专以上文化,****-****岁.          具备认真严谨的工作态度,具较强的沟通协调能力,踏实能干.          对仓库的收发货物有一定的经验."
268,计算机网络与多媒体,具体要求:1、艺术设计或计算机相关专业，大专以上学历，英语4级以上。2、熟练掌握网页制作软件，如Flash、Dreamweaver、Photoshop、Coreldraw等网页和平面设计工具。3、具备扎实的美术功底与色彩感，对平面或动画设计具有丰富和优秀的创意能力。4、两年以上网页设计经验；能够独立设计并制作完成网站项目优先考虑。面试时需提供作品。5、能够熟练运用数码相机拍摄实物图片，并运用专业软件进行图片效果处理。6、电脑局域网、硬件维护有非常强的操作经验。7、具有良好的沟通能力和团队合作精神，工作积极主动，认真负责。
269,文秘,2、年龄****—****岁。3、高中以上学历。4、熟悉操作电脑，熟练运用OFFICE****。5、打字速度在每分种****字以上。6、能加班，熟悉酒店或酒店用品者优先。
270,模具现代制造技术,"诚聘模具师傅1.高中或技校以上文化,1年以上塑胶模具制作和维修工作经验 2.熟练操作车铣磨钻等加工设备,识图能力强; 3.做事踏实认真,服从工作安排和调度。有塑料包装软管行业工作经验优先。"
271,会计学,1、性别女，大专以上学历。2、全日制经济类财务会计专业及审计专业生。3、懂全盘账务，对财务软件熟练。4、有大型企业工作3年以上，能虚心，善于沟通。
272,【电子科学与技术】,1、熟悉IC元件的封装；2、熟悉网络营销程序；3、语言表达流畅；具备较强的沟通能力；4、具备亲和力、待人接物热情大方；5、有一年以上IC门市实际工作经验；6、限女性。
273,国际贸易学,1，应变能力较强，高中以上学历。2，****公司工作过或****公司工作过并且有客源者优先考虑。3，男女不限。需要二十名左右。4，请有此意向的工作人员直接与经理联系，
274,经贸英语,1. 英文六级以上，熟悉电子类产品，主要负责处理客户的邮件以及投诉。2. 有工作经验者优先，不包食宿
275,计算机应用技术,1、对网络系统或网络实施或网络维护或网络安全有扎实的理论基础和丰富的实践经验；2、有较强的工作责任心和良好的沟通表达能力；3、计算机或通信专科以上毕业，5年以上工作经验****公司网关的一些工作内容；
276,英语,具体要求:    要求本科以上学历，英语6级以上，英语专业，口语能力强，熟练运用电脑操作，独立开发海外客户的能力要求非常强，有及强的心理承受和吃苦能力，有独立带团队的丰富经验，能够建立明确的销售目标和计划。能够适应海外贸易时差的需要！
277,【计算机科学与技术】,1、数学、计算机等相关专业大专以上学历；2、熟悉SQL Server 数据库；3、熟练掌握TPC/IP通讯应用；4、有熟悉WEB页面开发和WebService 开发者优先考虑；5、从事软件开发工作1年以上；6、要求具有诚实的人品、敬业的精神、吃苦耐劳的作风、较强的团队协作精神。7、兼职也可。
278,【计算机科学与技术】,"1)有一定的相关产品跟单经验,能及时反馈相关的产品问题!2)略懂英文,有相关的产品知识!3)能够很好的安排工作,对分配的工作能及时完成!4)吃苦耐劳,能适应工作的需求!5)谈吐大方得体,能认真执行经理分配的任务!6)中专或高中以上文化程度7)有手袋,腰带等工作经验的优先考虑****公司目前在深圳关外布吉南岭,无意在关外工作,请勿投简历!"
279,计算机网络与多媒体,1.精通计算机，会制作网页和建设网站，网站中英文的都必须会。2.懂英文，对电子产品有一定的了解。3.会广东话
280,国际经济与贸易,总经理秘书：1名，性别：女，年龄：****-****岁，学历要求；大学本科以上，要求：五官端正，仪态大方.有进出口贸易经验者优先录取。
281,建筑环境与设备工程,"工程类相关专业毕业,3年以上的现场管理工作经验"
282,法学,"专业知识强，有法律工作基础，有一定文字功底,良好的沟通能力和敬业精神,能在压力下展开工作.熟悉人员招聘,绩效考核等人力资源工作模块。"
283,国际经济与贸易,"大专以上学历，CET四级以上，熟悉外贸流程，能够使用英语与国外客户进行沟通及书写相关文书；有责任心、团队合作意识强；有效开发国际市场，工作自主能动性强。主要客户市场是南美、东南亚地区、俄罗斯等地区,有印刷纸品加工设备销售经验者优先。****公司已是多个网络商务平台的付费会员，为业务发展提供十分良好的舞台，工作环境宽松，气氛紧凑。有志加入之人士请随时与我联系。    机器基本上在8万美金以上，待遇是基本底薪+提成，并提供良好机械方面知识培训，使新进同事快速上手。     请联系"
284,英语,大专以上学历，英语6级以上，英语专业，具备英语非常熟练的听说读写能力.并能熟练操作办公软件，能够独立开发海外客户。有极强的吃苦耐劳精神。
285,办公自动化,1名，有四年以上同职工作经验，有安全主任证书等（上班地点：在工厂上班）。
286,摄影,任职要求：中专及以上学历，艺术类、摄影等相关专业，有一定的美学知识，具备一定的摄影能力和较为专业的photoshop图片软件处理能力；工作细致、认真负责、讲求效率；善于沟通，较强的学习能力和执行力，能吃苦耐劳；男性优先，有相关工作经验优先，优秀应届生亦可。 主要职责：产品拍照，将产品的特性得到较好的展现；通过photoshop等软件处理图片，包括去底裁剪以及美化；图片管理，将处理完成的图片进行整理、存档。
287,测控技术与仪器,教育水平：全日制大学本科毕业，英语四级或以上。计算机、电子电器、自动化、测控及相关专业毕业。工作年限：一年以上。工作经验：熟悉测试仪器的使用，调试方法。熟悉单片机的软硬件。基本素质：有良好的职业道德和社会责任感，遵纪守法。性情温和、乐观、忠诚、有责任心。身体健康。无不良嗜好。
288,企业管理,男、女不限，为人踏实，工作认真负责，能吃苦难劳，能从基层做起！
289,计算机网络与多媒体,"1.性别不限，一年以上同等职位工作经验，精通Html、Tavascript、VBScipt、CSS等脚本语言及Dreamweaver等开发工具；  2.熟悉Photoshop,Fireworks,Illusrator等平面设计软件，能独立进行企业网站整体开发工作。  3.精通ASP.(C#)+SQLSERVER进行网站开发,或PHP等开发语言，熟练运用CSS+DIV的网页开发规范进行网页拼装；  4.熟练掌握Ajax技术进行客户端交互的开发；  5.熟练掌握VS****网站编程。"
290,国际贸易学,１、2年以上外贸工作经验，良好的业务拓展能力，懂进出口贸易销售流程。２、英语六级以上，诚信务实。３、有打印机耗材方面知识者优先。
291,【电子科学与技术】,1、本科以上学历，电子、通信类专业，5 年以上技术研发工作经验。2、熟悉国际及国内LED技术发展趋势，具备较强的实际工作能力。3、负责研发（LED照明）及生产管理。4、具备较强的管理能力、人才队伍培训能力。5、待遇面议，有股权奖励。6、工作地点：郑州，有意者，请直接电话联系。
292,电路与系统,"三年液晶屏维修经验,能独立解决生产制程问题,熟悉LCD\TV\MONITOR的生产技术.****公司的工作安排.具体的请面谈!"
293,广告学,"对广告策划,发布,招商等有经验者优先"
294,会计学,工作地方在布吉，本职位有伙食补贴及提供宿舍，试用期为1-3个月****公司为其交社保且待遇从优。要求有3年以上有外贸进出口业务的一般纳税人企业，且精通免抵退业务的工作经验，并能准确核算工厂成本，能熟练操作金蝶或速达财务软件，具有良好的专业素养为人诚实，能吃苦耐劳，具大专以上金融财经或会计类专业毕业。
295,国际经济与贸易,要求：大学本科学历，年龄****-****岁，熟悉外贸进出口流程，能吃苦耐劳，英语书学口语能力强，工作积极主动，有较强的沟通能力和业务能力。（工作地址：*******
296,经济学,1、爱岗敬业  具有较强的责任心   熟练实际用电脑            2、具有汽车驾照（B照）
297,【电子科学与技术】,5名，性别不限，大专或以上学历****-****岁，电子通信或自动化专业，3年以上同等职位工作经验能熟练使用C语言或汇编语言对单片机编程，能熟练使用PIC，AVR****F其中一种单片机，能熟练使用示波器，认识各种电子元器件会烙铁焊接，会各种模拟仿真和除错，编写软件规范，算法精简具有强列的创新意识和开拓精神。
298,英语,"1,英语6级以上2)有相关工作经验1年以上(无经验者勿投)3)有责任心,接受能力强,悟性高****)端庄大方."
299,企业管理,1、****-****岁，2、仪表端庄、整洁、大方，身高1.****米以上，本科以上学历，企业管理、经济管理或商贸专业，有丰富的与政府部门（贸工局、劳动局等）打交道工作经验；3、有较强的文字组织能力和较强沟通能力。
300,经贸英语,要求身体健康，相貌端正，性格开朗，有吃苦耐劳的精神，集体组织观念强；要求一定的外语水平，懂办公室工作软件，有一定的外贸鞋业工作经验者优先考虑；通过试用期后录用。
301,【电子科学与技术】,一年以上采购跟单经验，电子行业、光电优先，爱岗****公司****公司安排。
302,计算机网络与多媒体,1、计算机网络技术等相关专业大专或以上学历，熟悉配置交换机，路由器，懂得防火墙，病毒防护，网络攻防的维护；2、能熟悉运用安装监控程序，系统等维护；3、专业知识全面，有较丰富的管理经验，对工作认真负责，为人诚实，有责任心。 4、熟悉网络及电脑等办公设备的维护，有一定的企业宣传策划工作经验。
303,电子商务,岗位职责：1、负责业务开展方案编写、实施及相关项目对外合作谈判并负责对合作项目的进度跟进、管理； 2、主动挖掘市****公司的产品和服务寻找新的业务增长点； 3、与合作方建立并保持正常稳定的关系，保证业务良好开展。 岗位要求： 1、极强的书面和口头沟通能力； 2、熟练的提案能力； 3、良好、高效的执行能力； 4、精通基于WINDOWS/OFFICE系列的办公软件使用； 5、至少2年以上电子商务工作经验； 6、在不同行业有强大的人脉关系和交际网；
304,经济学,财务会计专业中专以上学历；工作经验不限；勤学习，肯吃苦；由注册会计师指导手工、电脑做账；
305,【电气工程】,电子信息工程专业，应届毕业生或有相关工作经验，愿意从基层做起，动手能力强，能吃苦耐劳，发展方向电子技术员，生产储干等。试用期：****-****元/月
306,市场营销,本公司长期招聘外贸业务员，工作地点广州。要求如下：英语专业6级以上，熟悉B2B平台，EBAY，等。
307,【计算机科学与技术】,熟练掌握笔记本硬件，可以熟练维修笔记本主板，显示屏，电池等硬件的维修，有同种工作经验二年以上，没有工作经验者勿试。
308,市场营销,工作认真负责，有开拓精神，职业道德强，团队精神强，能吃亏耐劳，身体好。
309,【电子科学与技术】,1. 有显示器、家电、车载电子等消费类维修经验1年以上；2. 能看懂电子线路图，能独立分析问题并跟踪解决；3. 为人诚恳，能服从领导安排。急聘！！！！！！
310,城市规划与设计,"大专以上学历,有灯饰照明工程技术设计工作经验者优先,熟练操作photoshop/AutoCAD/3dmax/flash等软件．"
311,电子自动化,技术支援工程师人数：1名 性别：男女不限年龄：****～****周岁工作范围：处理客户投诉，现场安装，客户培训对售出设备进行跟踪，维护维修返修设备资历要求：大学毕业，主修电子，计算机、通讯或相关专业具备相关设备维修经验者优先具备良好的口头表达能力，有耐心，具亲和力英文良好，能看懂专业英文资料熟悉计算机操作熟悉安防行业电子产品，有1年以上工作经验优先。
312,英语,香港骏诚商务是一家香港、中国内地及海外政府承认具有专业资格的商务事务机构。拥有数十年丰富经验，在全球主要金融和商业中心设有分支机构或代理机构，其中包括香港、上海等国家和地区。总部位于香港，主要业务涉及商务咨询和专业顾问服务，至今已超过****年的历史任职资格：1.英语水平至少6级，能和外国客户进行流利的对话及翻译相关资料等，（具有客户服务、电子商务优先）2.语言表达具有亲和力，普通话标准，善于电话沟通，反应机敏灵活，思路清晰。3.形象好 气质佳。4.具有团队精神，能够承受较强的工作压力，适应能力强，有较强的沟通，协调能力，有良好的团队合作精神5.熟练使用办公软件 网络操作6.打字速度：****字/分钟以上7.中专及以上学历
313,【设计学】,1.熟练运用各种设计软件（FreeHand、ILLustrator、CorelDraw、Photoshop、3DMAX），具备良好的分析、归纳、创意和文案编写、品牌推广实践能力。2.大专科以上学历，广告、产品开发设计等相关专业。三年以上产品开发或广告创意相关经验3.受过产品开发、市场营销、产品知识、消费者心理学等方面的培训。4.对产品开发设计流程、产品工艺流程、广告平面设计流熟悉。有美术功底。5.有进取心、工作努力、责任感强，高度的工作热情，勇于接受挑战，喜欢从事富有挑战性的工作。6.良好的沟通、协调能力和团队合作精神。
314,装潢设计,装饰设计专业，品行端正，能吃苦耐劳。
315,平面设计,此招聘信息由系统根据单位搜索条件自动生成！
316,土木工程,土木工程、机械工程等专业，本科，熟练运用word，excel，会CAD，能识图，性格开朗，善于沟通，热爱本职工作.工作认真负责，思路敏捷，好学上进。熟手优先。
317,【计算机科学与技术】,"职位名称：软件工程师职位概要：    设计、开发、维护、管理符合功能、性能要求的软件产品。岗位职责：    1、参与项目需求分析和系统框架、核心模块的详细设计；    2、根据开发进度和任务分配，完成相应模块软件的设计、开发、编程任务；    3、进行程序单元、功能的测试，查出软件存在的缺陷并保证其质量；    4、编制项目文档和质量记录；    5、维护软件使之保持可用性和稳定性；    6、根据需要不断修改完善软件；    7、根据需要协助系统测试和建立测试环境；    8、协助编制用户使用手册及相关应用软件的安装调试工作；    9、上级主管分派的其他工作任务。任职要求：    1、计算机软件相关专业本科以上学历，2年以上GPS软件开发经验；    2、要求具有GPS软件系统的开发经验。    3、熟练掌握MapInfo，MapX，MapXtreme（****，****）开发技术；    4、熟悉.Net平台，会用C#，Asp.net，VS****经行简单程序的开发；    5、熟悉SQLServer****数据库,有数据库设计经验；    6、思路清晰，工作规范，较强的团队协作精神和责任心；    7、良好的沟通和理解能力，从事过GPS产品人员优先录用。"
318,电子材料与元器件,"1.大专以上文凭，有两年以上销售经验，或有1年LED电子屏销售经验。2.能吃苦耐劳,有良好的职业道德3.勇于挑战高薪合则约见，可乘坐****、****、****至终点站坂田总站下车无销售工作经验者请勿投简历"
319,机械设计及理论,机械设计及相关专业大专以上学历，有三年机械行业设计开发工作经验，熟悉产品设计开发工艺流程和机械构造、原理，有独立完成新产品研发能力，能熟练操作ＰＲＯＥ、ＣＡＤ。
320,【机械工程】,高中或中专以上学历，具有机械加工专业知识和机械加工现场管理经验，对车、铣、磨床等加工设备有深入的了解，对加工人员作业组织、成本核算有丰富的经验，管理能力和质量意识强。
321,【工商管理】,熟悉办公室操作，工作认真！
322,经贸英语,要求体貌端正，身体健康，工作要有吃苦耐劳的精神，有合作团队精神。要求外语要好，如有贸易跟单工作经验的/鞋业跟单工作经验的，优先考虑，
323,物流管理,2、年龄在****-****岁；3、高中以上学历，熟悉电脑软件，有从事仓库文员工作经验2年以上，具有财务知识者优先。
324,【机械工程】,高中或中专以上学历，会看机械图纸，能独立操作车床，有二年以上车床加工经验。能吃苦耐劳，服从安排。
325,电子材料与元器件,此招聘信息由系统根据单位搜索条件自动生成！
326,市场营销,1、性别不限；2、年龄在****—****岁之间；3、本科以上学历，5年以上营销和营销管理经验；4、能制定和实施迎合营运目标的营销战略和策略；5、能制定和实施促进产品销售和市场份额增长的战略和策略；6、能领导团队实现销售目标；并能合理控制、使用和分配费用；7、形象好。有较强的人际沟通能力，组织协调能力，有高度的责任心和团队精神。能熟练使用电脑；8、有酒店行业或酒店用品销售行业经验；9、有高度责任心、品德优良和管理才能。
327,计算机网络与多媒体,"熟悉电脑各种办公软件，沟通能力强,熟悉CorelDRAW9者优先,有意者将待遇要求及月工作时间发邮件或短信,合则约见."
328,会计学,有电子生产企业工作经验，懂生产成本管理，懂速达****，最好有速达****的实施经验，负责全盘账。
329,【电子科学与技术】,"英语流利,口语非常好,具有与外商独立洽谈业务的能力,从事外贸业务或工厂生产2年以上经验.熟练掌握电子商务,从事过电子产品销售者优先."
330,英语,要求本科以上学历，英语6级以上，英语专业，独立开发海外客户的能力要求非常强，有及强的心理承受和吃苦能力，有独立带团队的丰富经验，能够建立明确的销售目标和计划。
331,机械制造及其自动化,本科以上毕业，机械设计专业，有3年以上工作经验，一直从事机械设计工作搞非标设计的优先。
332,汉语言文学,此招聘信息******的招聘需求，要求具有三年以上人力资源管理工作经验，写做功底强，沟通能力强，良好的职业操守。外型好。待遇从优。
333,市场营销,职位名称：销售经理职位概要：    制定并推进实施全面的销售战略、销售方案，有效地管理客户。工作职责：     1、策略****公司业务发展战略，制定销售部门的销售推广政策与销售执行政策；    2、日常管理：负责销售队伍的组建、培训，完成销售队伍的日常指导、监督、管理、考评；    3、销售管理：制定本部门的销售计划，进行销售目标分解，落实日常销售，完成销售任务；    4、客户管理：负责新客户的开发、老客户的维护，参与相关促销方案的策划、督导、执行。任职资格：     1、管理、市场营销等专业本科以上学历，三年以上销售、市场营销管理工作经验；    2、工作细致、严谨，并具有战略前瞻性思维；    3、有丰富的市场营销策划经验，能够识别、确定潜在的商业合作伙伴，熟悉行业市场发展现状；    4、具有较强的管理能力、判断和决策能力、人际沟通协调能力、计划与执行能力；；    5、具有优秀的营销技巧，较强的市场策划能力和运作能力；    6、良好的口头及书面表达能力，能承受较大工作压力。    7、具有高度的工作热情和责任感。
334,电子材料与元器件,1.熟悉电子元器件规格、名称及ERP系统（速达****）和office软件操作；2.懂ISO****:****，有内审证优先。
335,【计算机科学与技术】,年龄：****-****周岁学历：大专以上学历要求：1、身体健康；      2、能够熟练操作电脑、能熟练维护电脑软、硬件，懂操作系统和网络维护，有编程经验者、了解税务知识、计算机和财会专业优先；      3、责任心强、沟通能力强，能与人团结、吃苦耐劳；      4、品貌端正，无不良嗜好，不吸烟；      5、表达能力强，普通话要标准。注意：1、请先登录了解我司业务情况，仔细对照自身情况做认真考虑，避免做无用功。若有机会面试，将会考察相关业务内容。      2、请在投递简历时提出自己的薪酬要求。      3、我司招聘员工为正常编制增加，请做短期考虑的人员勿扰。
336,电子材料与元器件,"****岁~****岁,有电子元器件采购经验者优先,能吃苦耐劳."
337,包装设计,"1.要求女性。2.熟练使用CorelDraw,Photoshop和其它设计软件。3.懂设计包装，彩页，彩盒，说明书等包装材料。4.至少一年工作经验。5.工作地点在宝安。6.请附近照。"
338,国际贸易学,"1.****岁以上;     2.大专以上学历;     3.国际贸易或外贸英语专业;     4.英语六级以上,口语流利,善于与外商沟通,熟悉外贸流程;     5.有电子行业国际贸易经验一年以上;     6.深户优先;"
339,生物医学工程,1、招聘2名，男女不限，年龄在****—****岁，身体健康；2、大专以上学历，医疗或化工专业，二年以上工作经验，普通话标准，熟练操作电脑办公软件，有实验室工作经验或熟悉了解实验室工作操作流程。3、性格开朗、工作认真、责任心及沟通能力强，有团队精神及电话营销经验者优先。
340,英语,本中心立足深圳六年，所在片区小学初中林立，六年来生源稳定！现因发展需要，招聘英语及语文教师各2名。   要求：女，师范类专业毕业，有教学经验，口语好，喜欢教师行业，喜欢和小孩子打交道，并且愿意在深圳长期工作者！   待遇：试用期一个月，试用期过后底薪加提成，****元左右/月，包食宿。   工作地点：**   乘车路线：****、****、****、****、****、****、1路直接到田贝四路下即可，下车后电话联系。
341,汉语言文学,总经理****公司文案策划，品牌推广，有较深的文学功底。有五年以上从事大型企业品牌策划推广之经验，为人平和有内涵。
342,电子信息科学与技术,大专以上学历，电子类或市场营销专业优先，一年以上工作经验，能熟练操作计算机，具备良好的语言表达能力，具备开拓市场能力。
343,【土木工程】,要求工程类专业毕业，有五年以监理工作经验，至少有三年以总监理工程师经验，有房建或市政方面的监理经验，品德好，技术能力强，处理问题和协调能力强，有全国注册监理证者。工作地点：深圳、赣州
344,市场营销,1.年龄****-****岁，大专或以上学历，国际贸易或市场营销专业，1年以上同等职位工作经验；   2.婚否不限，身体无残疾，五官端正；   3.能熟练操作Word/Excel，善于交际；   4.作风严谨，做事稳重，具有强烈的创新意识和开拓精神。
345,企业管理,2名;女性；****-****岁，大专或以上学历；2年以上同等职位工作经验；对ISO****标准体系较熟悉；能独立组织及跟进内部审核及管理评审工作，有较强的沟通协调能力及文字表达能力。性格稳重、工作责任心较强；接受能力强。1.婚否不限；2.身体无殘疾，五官端正；3.能熟练操作办公软件；4..对ISO****﹑QC******﹑ROHS及ISO****体系标准较熟悉；能独立编写体系文件及组织主导内审及管理评审工作；5.有较强的工作责任心及沟通协调能力.
346,平面设计,任职要求:1、大专以上学历，美术、广告学等相关专业;2、1年以上相关工作经历，熟悉平面设计流程，精通平面设计相关专业知识;3、熟练使用Photoshop、Coreldraw等平面设计软件，有摄影能力者优先;4、具有较高的艺术设计能力和美术功底，出色的创意设计理念和文案撰写能力;5、对工作认真负责，团队合作意识强，有良好的沟通能力，时间观念强;岗位职责****公司网站后台管理、维护、****公司产品网上宣传****公司产品的****公司彩页、包装、宣传资料的制作****公司整体形象及各部门的平面设计与制作。
347,机电一体化,熟悉2D，3D的绘图软件，
348,【建筑学】,"工作认真,吃苦耐劳,热爱本职工作"
349,财政学（含税收学）,"会计专业,能熟练应用金碟软件,善于沟通。实习期为两个月，实习期没工资，实习期后转入三个月试用期，试用期每个月底薪****元，****元餐补，****元车补，****元电话费。试用期后底薪****元+补助+提成及社保。敬请有心想学习会计实务，从事会计行业者方可投简历，谢谢合作。"
350,会计学,"急招全盘会计一名。大专或以上学历，具有深圳市会计证。两年工厂会计经验以上,能独立处理一般纳税人全盘账务，熟悉免抵退帐务及软件。熟悉出口核销，收汇流程.年龄****-****岁，女性优先。上班时间每天8小时，双休，其他节假日按国家规定，可提供住宿，独立房间带热水器空调床。工资面试详谈。注:上班地点在大鹏新区葵涌街道（从罗湖坐巴士****分钟路程）"
351,人力资源管理,1、曾就职于****人左右的生产制造型工厂，至少三年以上人事、厂务管理经验；2、熟悉当地的劳动保障、社保、劳动关系等相关法律法规政策；3、能够制定及执行相关的管理规章制度；4、对员工社保、劳动关系处理、员工关系处理有优秀的协调、操作能力；5、有优秀的组织、协调、沟通能力，协助厂长开展工厂企业文化宣传、人员调配、补充等其他工作；6、有陶瓷行业经验者优先考虑！
352,【土木工程】,1、房建、市政工程项目的资料管理经验3年以上，有资料员证者优先。2、工作灵活机动、应变能力强，细心、责任心强。3、要求能长驻工地，工作地点：深圳、福建。
353,会计学,为人正直.工作踏实.有敬业精神.有团队精神.具有良好的心里素质和身体素质.学注册会计师方向专业的优先.
354,【计算机科学与技术】,1.能独立完成网络维护、管理，对工作有责任心，有耐心，包吃住，计算机专业毕业优先考虑 2.对繁体系统操作熟练、精通，会设置Outlook，有一定的英语听、读水平3.对财务软件有一定的维护基本
355,市场营销,熟悉日化行业，对KA卖场营运熟悉，有2年以上工作经验。
356,物流管理,1、性别不限；2、高中以上学历，年龄****-****岁；3、5年以上采购工作经验，熟悉采购流程及电脑操作；4、具备较强的沟通协调能力，为人诚信、有责任心，能承受较大工作压力，能吃苦耐劳，服从工作安排；5、懂粤语，综合能力强，具有良好职业道德。
357,计算机应用技术,1、计算机专业大学本科以上，有志于从事市场开发工作。2、熟悉局域网技术，有独立搭建局域网能力。3、擅长ASP或者PHP技术，熟悉SQL，能独立制作产品展示网站。4、懂网站推广，有1年以上网站推广经验，需提供证明。5、熟悉网站优化，对网站SEO有一定认识了解。6、具备网络信息安全知识。7、熟悉电脑硬件知识，能解决日常电脑问题。8、英文阅读能力达大学英语6级。（此项不符合者，请勿投简历）
358,英语,"1 .女性   . 英语4级以上，听，说，写流利，能熟练的进行电话交流和信件往来。 2 .熟练使用各种办公软****公司提供良好销售平台，欢迎能接受挑战压力的销售精英加盟。4.英语专业(小语种）, 国际贸易,等专业毕业者优先考虑.5.有团队精神和市场开拓能力,有较强的变通能力。有意向者将简历发送至邮件"
359,机电一体化,"1.年龄****-****岁,高中/中专或以上学历,机电一体化或机械专业，  2.2年以上同等职位工作经验；  3.婚否不限，身体无残疾，五官端正；  4.能操作办公软件，看懂工程图或线路图；  5.多年电子厂PE技术员工作经验，能调试工装夹具，正确指导员工作业；  6.有较强的工作责任心及沟通协调能力。"
360,【电子科学与技术】,1、曾从事电器装配工作者从优录用；2、吃苦耐劳，有团队合作精神；3、工作效率高；4、工资构成：基本工资+计件****公司为员工购买社保和住房公积金。
361,汽车工程,"汽车运用工程类专业毕业,对中外汽车的结构,电路及常用维护精通,实际解决问题能力强,和客户的沟通良好,应届毕业生和社会工作者均可,欢迎咨询和面试."
362,市场营销,岗位要求：1.市场营销或相关专业中专以上学历；2.从事3年以上销售实践工作经验，1年家具销售经验；3.熟悉办家家具销售，有较强的市场通路开拓能力；4.具有较强的市场统筹、渠道管理和组织策划能力，计划性强，有韧性，能够吃苦耐劳；5.能独立策划区域市场推广计划及管理约五人的小団队，具有良好的团队精神与合作意识、服务意识。6.具备良好的协调和沟通能力；成熟、稳重、务实，能承受压力；7.语言表达能力强，形象佳，具备销售管理等专业知识者优先。
363,【数学】,一年以上工作经验，能吃苦！
364,【设计学】,"设计及相关专业大专以上学历,有三年网页设计、制作工作经验，能独立完成网站建设，具有先进独特的整体构思和设计理念，能熟练操作设计软件，具有良好的责任心和敬业精神。"
365,机械设计及理论,机械设计及相关专业大专以上学历，有三年机械行业设计开发工作经验，懂机械原理、结构，熟悉液压及气动原理，有独立设计、维修油压系统工作经验，熟练操作ＰＲＯＥ、ＣＡＤ。
366,汉语言文学,总经理****公司文案策划，品牌推广，有较深的文学功底。有五年以上从事大型企业品牌策划推广之经验，为人平和有内涵。
367,工程管理,对混凝土相关信息熟悉者优先。
368,计算机应用技术,****岁以下，大专以上学历，有网页设计、平面设计、桌面电脑故障处理等相关工作经验，会Photoshop、CorelDRAW软件。
369,英语,女，英语翻译2名，口语流利，专业4级以上，有同行经验优先考虑。有意向者请来电约见。
370,【电子科学与技术】,具有丰富的无线电、微波通信专业知识，具备独立开展电磁辐射监测的能力，熟练掌握各类电磁波监测仪器的原理和使用，熟悉Windows操作系统及Office系列办公软件，具有敬业精神和环境文化素养；符合深圳市职员聘用的基本条件，具有相关工作经验优先，试用期3个月（****元/月），合格后参加市人事局职员入编考试。
371,【计算机科学与技术】,年龄：****-****周岁学历：大专以上学历要求：1、身体健康；      2、能够熟练操作电脑、能熟练维护电脑软、硬件，懂操作系统和网络维护，有编程经验者、了解税务知识、计算机和财会专业优先；      3、责任心强、沟通能力强，能与人团结、吃苦耐劳；      4、品貌端正，无不良嗜好，不吸烟；      5、表达能力强，普通话要标准。注意：1、请先登录了解我司业务情况，仔细对照自身情况做认真考虑，避免做无用功。若有机会面试，将会考察相关业务内容。      2、请在投递简历时提出自己的薪酬要求。      3、我司招聘员工为正常编制增加，请做短期考虑的人员勿扰。
372,平面设计,熟练使用各种设计绘图软件，了解丝印、印刷流程，熟悉手袋制作工艺，有设计开发手袋、礼品工作经验者优先。
373,平面设计,学历要求 大专专业要求平面设计、工艺美术、广告设计年龄要求****-****性别要求不限工作经验及工作年限要求 2****公司工作经验至少一年以上。其它要求性格外向、善于沟通、观察能力较强、学习能力突出、能适应出差。
374,【计算机科学与技术】,年龄：****-****周岁学历：大专以上学历要求：1、身体健康；      2、能够熟练操作电脑、能熟练维护电脑软、硬件，懂操作系统和网络维护，有编程经验者、了解税务知识、计算机和财会专业优先；      3、责任心强、沟通能力强，能与人团结、吃苦耐劳；      4、品貌端正，无不良嗜好，不吸烟；      5、表达能力强，普通话要标准。注意：1、请先登录了解我司业务情况，仔细对照自身情况做认真考虑，避免做无用功。若有机会面试，将会考察相关业务内容。      2、请在投递简历时提出自己的薪酬要求。      3、我司招聘员工为正常编制增加，请做短期考虑的人员勿扰。
375,金融学（含保险学）,"大专以上学历,保险\汽车\机械\法律等相关专业,身体健康,****CM以上,持C牌以上驾驶执照,并有一年以上驾驶经验,熟悉深圳市的道路交通状况,具有一定的车险理赔工作经验，持有公估证或汽车维修初级证者优先。"
376,会计学,有电子生产企业会计经验，懂成本管理，负责全盘账，熟悉速达****应用。
377,【土木工程】,有三年钢结构设计经验，熟练各种钢结构设计
378,模具现代制造技术,诚聘模具师傅要求能独立制作塑胶模车床功底深厚。
379,电路与系统,"有电器维修经验2年以上,对电子元件\线路板熟悉,有显示器\电视机维修经验为佳.勤学苦干,有团队精神!"
380,机械设计及理论,机械设计及相关专业大专以上学历，有三年机械行业设计开发工作经验，懂机械原理、结构，熟悉液压及气动原理，有独立设计、维修油压系统工作经验者优先，熟练操作ＰＲＯＥ、ＣＡＤ。
381,【电子科学与技术】,大学英语六级或以上、应届毕业生也可、有组织性、责任感强；不合要求者请勿乱投。主要负责外贸业务跟单工作。
382,【电子科学与技术】,"性别地域不限,有一年以上MP3组装线,后焊线现场管理经验,熟悉5S,有一定的领导能力,组织能力,为人诚实,能独立完成生产现场管理的各项工作."
383,【电子科学与技术】,1.一年以上电子行业工作经验，有电子维修、售后服务工作经验，电子专业优先2.能服从管理，适用加班另：面试时请带一份个人简历乘车路线：可乘坐****、****、****至终点站坂田总站下车合则约见，非诚勿扰！
384,【土木工程】,1、三年以上现场预结算经验，能独立完成房建、市政、安装工程预结算及工程变更签证工作，有预算员证、造价员证优先。
385,【经济学】,"工作地点为龙华，是本所的分部要求为女性；会计专业中专学历,本科请不要投递;工作细心,主要工作是记账和办理工商、税务部门事务；"
386,经贸英语,要求五官端正，身体健康，工作认真踏实！要求外语口语好。有外贸工作经验（鞋类，纺织类）优先考虑。
387,汉语言文学,1、大专以上学历；2、英语水平4级以上，口语流利****公司文案策划，品牌推广，有较深的文学功底。
388,设计艺术学,1.熟练运用各种设计软件（FreeHand、ILLustrator、CorelDraw、Photoshop、3DMAX），2.大专以上学历，广告、产品开发设计等相关专业。三年以上产品开发或广告创意相关经验3.受过产品开发、市场营销、产品知识、消费者心理学等方面的培训。4.对产品开发设计流程、产品工艺流程、广告平面设计流熟悉。有美术功底。5.有进取心、工作努力、责任感强，高度的工作热情，勇于接受挑战，喜欢从事富有挑战性的工作。6.良好的沟通、协调能力和团队合作精神。7.有文案编写、品牌推广实践经验者优先。
389,平面设计,职位：图片处理任职资格 1、 美术、平面设计、广告等相关专业，大专及以上学历，一年以上工作经验；2、 有扎实的美术功底、良好的创意思维和理解能力3、 熟练掌握Photoshop、Dreamweaver、Flash、Coreldraw等相关平面设计软件操作；4、 了解HTML、CSS等相关语言；5、 有一定英文基础；5、 善于与人沟通，良好的团队合作精神和高度的责任感，工作积极主动那个，能够承受压力，有创新精神，保证工作质量；6、 应聘时请务必提供个人作品；工作内容1、主要负责产品图片的美化、扣图、水印等加工处理****公司广告图片、包装等设计；
390,【机械工程】,1、有三年以上五金厂品质管理工作经验。2、懂ISO****质量管理体系运作。能熟练编写程序文件、质量手册等品质管理文件。3、能熟练操作三次元、投影仪等测量工具。
391,英语,"国际贸易或相关专业，大专以上学历，英语四级，熟计算机，有一年国际货运代理的实践工作经验,有很好的管理协作精神,有稳定的客户基础, 良好的市场开发能力和洞察能力,有责任心, 敬业，独自开发海外代理市场，熟悉FOB报价,并协同国外代理开展当地业务。学习总结能力强，有良好的时间管理****公司的"
392,经贸英语,要求体貌端正，身体健康，工作要有吃苦耐劳的精神，有合作团队精神。要求外语要好，如有贸易跟单工作经验的/鞋业跟单工作经验的，优先考虑，
393,人力资源管理,1、熟悉当地的劳动保障、社保、劳动关系等相关法律法规政策；2、对工厂员工社保、劳动关系处理、员工关系处理有优秀的协调、操作能力；3、有优秀的组织、协调、沟通能力，协助厂长开展工厂企业文化宣传、人员调配、补充等其他工作；4、有陶瓷行业经验者优先考虑！
394,会计电算化,成本核试算，成本、管理控制。
395,会计学,1、会计相关专业，持有会计从业资格证书，有1年以上出纳工作经验；2、品行端正，做人做事诚恳、踏实，工作认真细致，责任心强；3、熟练运用办公软件及财务软件；4、女性。
396,电子信息科学与技术,1.性别不限，年龄****-****岁，大专或以上学历，机电一体化专业，3年以上同等职位工作经验；   2.婚否不限，五官端正，身体无残疾；   3.能很熟练运用办公软件，熟练运用品质管控手法。
397,网页设计,1.艺术设计或计算机相关专业，大专以上学历，英语4级以上。2.熟练掌握网页制作软件，如Flash、Dreamweaver、Photoshop、Coreldraw等网页和平面设计工具。3.熟悉W3C标准，精通CSS、HTML语言及其规范，熟悉JavaScript或VBScript；熟悉运用div+CSS布局优先考虑。4.具备扎实的美术功底与色彩感，对平面或动画设计具有丰富和优秀的创意能力。5.两年以上网页设计经验；能够独立设计并制作完成网站项目优先考虑。面试时需提供作品。6、能够熟练运用数码相机拍摄实物图片，并运用专业软件进行图片效果处理。7、电脑局域网、硬件维护有非常强的操作经验。8、具有良好的沟通能力和团队合作精神，工作积极主动，认真负责。
398,【电气工程】,具体要求: 承聘水电工程师二名，要求：大专以上学历，机电一体化/给排水专业毕业，熟悉CAD制图，一般厂房机电/给排水安装及设计，二年以上工作经验，能做机电安装工程验收资料者优先录用。新应聘着****公司任用。薪金、综合待遇优。
399,英语,"1. 需有外貿業務經驗.2. 可用英語流利對談及郵件回覆.3. 具團隊精神, 反應能力佳, 熱心和能接受一定的壓力4. 具有一到二年以上的跟單及市場推廣經驗為佳.5. 上班天數5天半, 早9晚6.6. 上班地點深圳寶安龍華鎮"
400,宪法学与行政法学,"两年以上工厂人事工作经验,熟悉人员招聘,绩效考核等人力资源工作模块,深厚的文字功底,良好的沟通能力和敬业精神,能在压力下展开工作应聘提交资料者请注明薪资待遇."
401,会计学,1名，女性，****-****岁，大专或以上学历，财务会计专业3年以上同等职位工作经验已婚，有子女者优先，能熟练操作办公软件及会函数应用，作风严谨，做事稳重，具有强烈的自觉性，有较强的沟通能力。
402,精细化工,身高不低于****，相貌端正，普通话标准，综合素质较高。有深户担保优先考虑。本职位要求：懂商务工作，懂国内贸易流程，熟练操作制定，合同报价，询价，编制，管理，分类，对每单合同的跟进，要非常熟悉，略懂财务知识者优先考虑。待遇：试用期3个月，工资****元，转正工资：****外补贴****元午餐费。对办公室自动化的软硬件操作熟练，符合以上要****公司面试。
403,工业工程,"1, 英语四级以上2, 熟练使用计算机常用软件,OFFICE, PHOTOSHOP,COREDRAW 等图片处理软件3, 对平面设计有一定了解, 并能独立完成产品图片广告的制作."
404,国际经济与贸易,外贸业务员：女性，大专或者以上学历，英语听、说、读、写流利，思维敏捷，打字速度快。熟悉整个外贸操作流程，能独立工作，至少一年或以上相关工作经验。优秀应届毕业生均可考虑。英语六级性格：个性沉稳，做事认真细心，有很强的责任心。待遇：底薪加提成（包食宿）
405,电子信息科学与技术,此招聘信息由系统根据单位搜索条件自动生成！
406,软件工程,1、要求沟通能力强，年龄****-****岁2、有1年左右的电话销售经验3、能适应深圳范围内出差4、使用过或销售过CAD或相关产品者优先考虑5、大专或以上学历，有英文读写能力6、SolidWorks为法****集团下属产品，原厂提供系统完善培训，并有优厚奖励机制.有意者请发送简历，合者约见
407,【设计学】,"设计及相关专业大专以上学历,有三年网页设计、制作工作经验，能独立完成网站建设，具有先进独特的整体构思和设计理念，能熟练操作设计软件，熟悉HTML、JAVASCRIPT；精通CSS+DIV设计制作及熟悉SEO优化原理，具有良好的责任心和敬业精神，有大型电子商务网站开发经验者优先。"
408,电子信息科学与技术,"有二年以上仓库管理经验,熟悉电脑、对产品进仓、收发货及库存管理等方面操作熟悉；工作细心、责任心强，能吃苦耐劳；有相关电子行业仓管经验者优先。"
409,【计算机科学与技术】,年龄：****-****周岁学历：大专以上学历要求：1、身体健康；      2、能够熟练操作电脑、能熟练维护电脑软、硬件，懂操作系统和网络维护，有编程经验者、了解税务知识、计算机和财会专业优先；      3、责任心强、沟通能力强，能与人团结、吃苦耐劳；      4、品貌端正，无不良嗜好，不吸烟；      5、表达能力强，普通话要标准。注意：1、请先登录了解我司业务情况，仔细对照自身情况做认真考虑，避免做无用功。若有机会面试，将会考察相关业务内容。      2、请在投递简历时提出自己的薪酬要求。      3、我司招聘员工为正常编制增加，请做短期考虑的人员勿扰。
410,电路与系统,"懂电视、DVD原理,了解MST、SUNPLUS等方案,能独立调试并熟练用POWER PCB LAYOUT设计电路"
411,会计电算化,"有一年经上出纳工作经验，银行业****公司熟悉）字迹工整，工作细心，安全意识强，负责银行业务办理，应付账核对，日常报销工作处理等（持深圳会计证）注:此职位在关外上班(公明工厂),无意到关外工作者勿投!"
412,【工商管理】,"熟悉房地产证办证流程,有相关从业经验优先."
413,【外语类】,1、一年以上文职工作经历。2、具备较好的服务礼仪，形象好。3、熟悉办公流程，电脑操作熟练。4、会一门外语者优先考虑。
414,电子材料与元器件,"要求:****-****岁,中专以上学历，形象气质佳、优雅大方、声音甜美，有娴熟的沟通能力，能说流利的普通话及白话,有团队精神，能吃苦耐劳,能接受出差到广东范围内,有组织能力以及良好的职业道德修养,有1年以上的相关工作经验，熟悉充电器、开关电源销售者优先。"
415,装潢设计,要求渲染能力要好，为人勤奋，可考虑应界毕业生。
416,计算机网络与多媒体,"熟悉电脑各种办公软件，沟通能力强,熟悉CorelDRAW9者优先,有意者将待遇要求及月工作时间发邮件或短信,合则约见."
417,电气工程及其自动化,****公司产品的售后服务及维修。 2、工资待遇与实际能力匹配。 ？相关经验及技能要求： 1.大专以上学历，工业自动化，电子电器专业。 2.从事1年以上变频器维修、售后工作。 3.熟悉变频器原理及应用。 4.良好的沟通管理和培训能力。 5.为人诚实，兢兢业业，遵纪守法，吃苦耐劳，上进心强，具有很强的团队合作精神。 6.熟悉plc。
418,【控制科学与工程】,熟悉光电基础知识、自动控制基础知识、通讯网络基础知识和计算机知识及操作，对环境监测分析仪器仪表及维修方法有初步的了解；符合深圳市职员聘用的基本条件，具有相关工作经验优先，试用期3个月（****元/月），合格后参加市人事局职员入编考试。
419,美术学,"美术专业中专以上文化程度，能熟练操作Photoshop,Illustrator，了解菲林分色、输出和印刷原理，有绘画基础和一年相关工作经验者优先。"
420,计算机应用技术,1、身心健康，工作认真负责，动手能力强，基础知识扎实，有一定的工作经验及工作能力。证件齐全。诚实善良。2、计算机、电子等相关专业本科或以上学历，有扎实的计算机基础知识。3、熟练掌握ＶＣ＋＋等，有2年以上的VC++软件开发经验，编写调试过一定规模的程序。4、熟练掌握 MS SQL Server  数据库。5、熟练界面开发、应用程序开发。6、工作要塌实、有条理性，善于勾通。7、微电子、电子应用技术等相关专业本科或以上学历。8、从事相关工作2年以上。
421,【电子科学与技术】,能够熟练使用PROTEL ****等LAYOUT，做样，出BOM单，指导生产。熟悉PCCAM电路者优先。
422,【外语类】,"英语或相关专业,CET-6或以上,听、说、读、写流利，有法/俄/阿拉伯/西班牙/葡萄牙其中任一门二外更好.能利用B2B平台、国外黄页及搜索引挚等各种网络资源开发客户,会用photoshop做图片处理.踏实肯干,有****公司共成长.应届毕业生优先.底薪加提成."
423,【仪器科学与技术】,熟悉光电基础知识、自动控制基础知识、通讯网络基础知识和计算机知识及操作，对环境监测分析仪器仪表及维修方法有初步的了解；符合深圳市职员聘用的基本条件，具有相关工作经验优先，试用期3个月（****元/月），合格后参加市人事局职员入编考试。
424,【计算机科学与技术】,年龄：****-****周岁学历：大专以上学历要求：1、身体健康；      2、能够熟练操作电脑、能熟练维护电脑软、硬件，懂操作系统和网络维护，有编程经验者、了解税务知识、计算机和财会专业优先；      3、责任心强、沟通能力强，能与人团结、吃苦耐劳；      4、品貌端正，无不良嗜好，不吸烟；      5、表达能力强，普通话要标准。注意：1、请先登录了解我司业务情况，仔细对照自身情况做认真考虑，避免做无用功。若有机会面试，将会考察相关业务内容。      2、请在投递简历时提出自己的薪酬要求。      3、我司招聘员工为正常编制增加，请做短期考虑的人员勿扰。
425,经贸英语,"1)有丰富的外贸经验,做过类似的产品业务.对产品非常的熟悉!2)外语流利,能跟客人流利对话!3)有一定的管理才能,可以掌控整个产品组的工作进展!4)吃苦耐劳,能适应工作的需求,有应变处理能力.5)谈吐大方得体,能认真执行经理分配的任务!6)大专以上文化程度.****公司在深圳关外布吉南岭村,无意在关外工作者请勿投简历!"
426,【电子科学与技术】,电子专业毕业，1年以上工作经验，懂电子维修服务、售后服务优先、吃苦耐劳、爱岗敬业。
427,电子信息科学与技术,大专以上学历，电子类或市场营销专业优先，一年以上工作经验，能熟练操作计算机，具备良好的语言表达能力，具备开拓市场能力.
428,【电子科学与技术】,一年以上PMC跟单员工作经验，熟电子行业优先，爱岗敬业，吃苦耐劳****公司工作安排。
429,【其他专业】,1、本科以上学历，计算机或自动控制专业毕业****公司大客户电子信息工程项目的运作;3、熟悉智能控制系统及计算计软硬件应用技术，具备工程施工经验;4、沟通能力强，有销售经验和成功案例者优先.
430,会计学,"1.深圳市户口,2.持有会计证书,有1年以上工作经验,3.熟练运用办公软件及财务软件4.大专以上学历"
431,会计学,有两年以上工作经验，工作认真负责。有相应证书。
432,会计学,大专以上学历，会计、财务相关专业，执有会计从业资格证书，2年以上工作经验，能独立处理财务工作，熟悉使用办公软件，良好的人际沟通、组织能力、协调能力、分析思维能力。
433,会计学,会计、统计专业中专以上学历，****岁以下，有三年生产制造成本统计工作及成本核算经验，并有效地对生产成本进行分析、跟进、控制；工作踏实，认真负责，沟通能力强。 有机械制造企业相关工作者优先。
434,模具现代制造技术,要求在从事首饰加工生产3年以上经验，执模动手能力非常强，火枪焊接技术一流，对模具制作、首饰生产流程和品质控制非常了解，为人勤奋和吃苦耐劳的能力强。（在国内知名首饰加工厂工作的人才优先）
435,建筑电气与消防,任职要求：****岁以下，大专以上学历，中级职称，熟悉电气基础理论知识，懂CAD绘图，熟悉电气安装工程的施工工艺和独立完成照明电气设计，二年以上照明灯具、弱电、机电设备安装经验。（本职位急招）
436,【计算机科学与技术】,教育水平：全日制大学本科毕业，英语四级或以上。计算机、电子电器、自动化、测控及相关专业毕业。工作年限：一年以上。工作经验：熟悉测试仪器的使用，调试方法。熟悉单片机的软硬件。基本素质：有良好的职业道德和社会责任感，遵纪守法。性情温和、乐观、忠诚、有责任心。身体健康。无不良嗜好。
437,市场营销,****公司****公司工作地点:南山区艾文葡萄酒名店 营销总监职位要求：1、年龄****岁以上，性别不限，大专以上学历：2、能熟练使用英语交流沟通和文字表达； 3、有四星级以上酒店市场营销工作经验，具三年以上服务年限； 4、有事业心、拼搏意识和团队协作能力。本职位提供优厚的薪酬福利待遇，诚邀有志之士加盟！
438,飞行器设计,1、性别不限，大专以上学历。2、需机电专业毕业优业。3、做事老实，则任心强，有上进心。
439,会计学,1、女性，****岁以上；2、3年或以上工、商业会计经验；3、深圳户口，拥有深圳房产或配偶拥有深圳房产；4、具有良好的职业道德。
440,会计学,会计专业，有两年以上工作经验。诚实，负责，踏实。
441,机械设计及理论,1。熟练使用cad .  pro-e. coreldraw等软件。2。有两年以上模具设计工作经验。有玩具.礼品厂工作经历。
442,会计学,"1).财会专业,年龄在****-****岁已婚人士。2).5年以上出口型企业的成本预算与核算工作经历.3).精通全盘帐务处理，审查，外汇核销,退税业务.4).熟练应用财务软件与电脑操作。原则性强与心态端正。5).优秀的个人品质,职业道德.工作态度认真,细致,严谨.不合招聘要求者请勿打扰！"
443,【计算机科学与技术】,有相关行业经验者优先   语言沟通能力强 懂管理   能适应物流行业不规则的工作时间安排
444,给水排水工程,男，大专以上，从事建设大中型住宅楼盘、厂房、商场的消防、暖通、给排水、强弱电、机电设备安装工程预决算、招投标五年以上本职工作经历，责任心强，熟悉广东省各地定额及软件使用（有造价师职称或较强沟通能力者优先）。待遇从优。
445,英语,本科及以上学历，英语6级以上，英语或国际贸易专业，具备英语非常熟练的听说读写能力.并能熟练操作办公软件，能够独立开发海外客户。（重点：要求能够非常熟练的通过电话或面对面与外商口语交流）
446,经贸英语,"1)能自带客户和业务者优先录用！2)有一定的外贸经验,做过手袋,腰带,饰品的产品业务.关于鞋子方****公司正在起步阶段,如果你可以独立开发操作,欢迎加盟3)外语流利,能跟客人自由对话!4)能够很好的安排工作,对分配的工作能及时完成!5)吃苦耐劳,能适应工作的需求!6)谈吐大方得体,能认真执行经理分配的任务!7)大专以上文化****公司目前在深圳关外平湖华南城环球物流中心,无意在关外工作,请勿投简历!工作地点: 深圳龙岗区平湖镇华南城环球物流中心"
447,市场营销,"市场营销或国际贸易等专业,责任****公司安排,能适应长期在外地工作。"
448,经贸英语,"1)有丰富的外贸经验,做过类似的产品业务.2)外语流利,能跟客人自由对话!3)有一定的管理才能,可以掌控整个产品组的工作进展!4)吃苦耐劳,能适应工作的需求5)谈吐大方得体,能认真执行经理分配的任务!6)大专以上文化程度****公司在深圳关外布吉南岭村,无意在关外工作者请勿投简历!"
449,电路与系统,要求（急招）：1、性别不限制，能熟练焊接各种封装电子器件2、熟悉各种调试工具的使用3、对电路故障问题能独立分析，找出解决方法4、学习能力强，虚心上****公司的发展需要5、待人热情，性格开朗活跃待遇：工资：面议，工厂有宿舍，可提供食、宿
450,会计学,1、性别女，大专以上学历。2、全日制经济类会计专业及审计专业或会计电算化专业生。3、有大型企业工作经验3年以上。4、做事认真，仔细，能承受工作压力。
451,国际经济与贸易,本公司位于深圳华强北，具备工厂背景，货源优势明显，工作氛围轻松，有较好的发展前景。外贸业务员要求如下：1：大专以上学历，国际贸易或英语等外贸相关专业；2：英语四级以上，听说读写流利，能独立与外国客户交流，开发客户能力强； 3：有数码电子外贸销售经验，第二门外语和国外客户资源者优先考虑；4：限女性：做事细心、认真，有责任心；5：工作时间： 五天半/周；6：熟练操作B2B外贸平台，熟悉外贸业务流程和相关操作，外贸相关工作经验半年****公司包吃包住，工作地点在福田区华强北
452,【其他专业】,电脑操作熟练，熟悉电子考勤系统操作，有行政人事管理工作经验3年以上，善沟通。
453,电路与系统,电脑主板维修经验至少3年以上；敬业、能承受高强度工作压力；懂嵌入式主板维修及开发调试者优先！此职位高薪急聘诚聘！没有主板维修经验者勿扰！
454,【工商管理】,电子厂工作经验2年以上（非电子厂勿扰！）；十分熟悉仓库管理流程；懂金碟登帐者优先!
455,【电子科学与技术】,一年以上PMC跟单员工作经验，熟电子行业优先，爱岗敬业，吃苦耐劳****公司工作安排。
456,工程造价,安装工程预结算工作经验两年以上，熟悉深圳定额及清单计价，熟练操作计价软件，有安装专业造价员证，持造价师证者优先考虑。
457,计算机网络与多媒体,"Monthly Salary: ****-**** We are international trading company, english is a must.master php, extra web design coding knowledge would be better.mysql, ms sql must have good experience.photoshop working experience will be prefer.please provide project of work for interview."
458,电子信息工程学,硬件工程师：1名（限男）****岁以下  本科毕业电子电气专业，3年以上工作经验，其中2年以上变频器或开关电源类产品设计经验。熟悉模拟、数字电路的设计，对产品开发具有创新意识，熟练应用protel****设计软件，能独立进行PCB板设计。
459,【口腔医学】,牙齿加工学员5名，初中以上学历，男女不限，想学习一门技****公司联系，终身受益，名额有限。
460,经贸英语,"外贸精英:1，有开朗,大方的性格,良好的沟通协调能力;2，有汽车电子产品,电脑及周边设备外贸经验；3，良好的英语口语水平,外贸信函书写水平良好；4，有相关外贸经验四年以上;5，有资源者优先！               期待你的加入!               底薪+提成"
461,市场营销,****公司****公司工作地点:南山区艾文葡萄酒名店 营销总监职位要求：1、年龄****岁以上，性别不限，大专以上学历：2、能熟练使用英语交流沟通和文字表达； 3、有四星级以上酒店市场营销工作经验，具三年以上服务年限； 4、有事业心、拼搏意识和团队协作能力。本职位提供优厚的薪酬福利待遇，诚邀有志之士加盟！
462,【电子科学与技术】,在工厂维修经验二年以上；会电脑，会装一些基本程序；为人诚恳、踏实，能服从领导安排；不懂基本的模电、数电勿扰！年龄在****岁以上勿扰!符合要求者可直接来电!!!期待你的加盟!!!
463,工程造价,具有造价员上岗证，会预算软件
464,电子信息科学与技术,电子开发，县有三年经上电子厂开发工作经验，根据要求进行独立开发产品等工作地点：深圳市宝安区公明镇
465,电子材料与元器件,有大型工厂或同岗位工作经验两年以上优先。底薪+话补+加班费+社保+住宿+工作餐+年终奖
466,【计算机科学与技术】,性别：男熟练使用PowerBuilder开发语言；熟悉MS SQLSERVER数据库、ASA数据库；熟悉CASE工具PowerDesigner；了解C/S、B/S架构，对ERP有一定的认识；有一定的英文功底，能阅读英文技术资料；具有较强的逻辑思维能力和良好的敬业精神，吃苦耐劳；良好的沟通协调和文字表达能力，具有良好的团队合作精神；具有一年以上相关工作经验，工作认真细致，责任心强，身体健康；工资福利：基本工资、年终绩效奖金、社保。
467,【电子科学与技术】,招聘岗位职责：1、 负责机箱结构、笔记本结构设计****公司相关产品项目的整个过程，含设计、样品、开模跟模、试产等3、 解决研发过程的技术、安规以及功能等问题岗位要求（教育、经验、技能等）1、 机械工程相关专业本科以上学历，机械设计、制造或相关专业毕业，经验丰富可放宽学历要求.2、 5年以上从事相关PC、数码类产品开发经验，有独立工作能力，对塑胶、五金、模具及各种材质表面处理较熟悉。3、 熟练使用Pro/e、Auto CAD等三维、二维软件。4、 有笔记本电脑设计经验者优先考虑。5、 工作责任心强，具有良好的人际交往和沟通能力，并有团队协作精神
468,电子信息科学与技术,"1、诚实善良，无不良嗜好。2、有良好的自我管理能力。3、熟悉Xilinx SoC,熟练使用VHDL的编写、仿真、调试。熟悉低频模拟电路。4、熟悉接口电路。熟悉PCB布线 （Altium ）。5、从事相关工作3年以上。诚信、善良、身体健康!"
469,英语,女，英语翻译4名，口语流利，专业4级以上，有同行经验优先考虑。待遇优厚！有意向者请来电约见。要要能吃苦耐劳型的。非诚误扰！
470,电子材料与元器件,"工作年限:要求有1年以上 具体要求: 1.大专以上文凭，有一年以上销售经验，2.有销售过昂宝、通嘉、AOS、MOSFET经验者优先。3.能吃苦耐劳,有良好的职业道德4.勇于挑战高薪工作地点：深圳福田无销售工作经验者请勿投简历"
471,英语,男女不限，英语本科以上学历，已过专业英语八级或者普通话二甲，口语好，音质甜美，善于模仿，有播音及主持经验者优先，望有识之士速来应聘。
472,经贸英语,性格要好，要求能吃苦耐劳，热爱自己的工作，有团结合作精神。有专业外贸英语知识和工作经验者优先。
473,【土木工程】,大专以上学历、工程类专业、初级以上职称，2年以上工作经验，有监理员证，有监理行业工作经验者优先。要求：1、请注明应聘职位；2、应聘人员必须具明薪酬要求及条件。
474,【计算机科学与技术】,"计算机应用或相关专业,会商务型网站制作和SEO实施(必须,不具备者免投),CET-4或以上，书面交流无障碍，踏实肯干,有****公司共成长,应届毕业生优先."
475,【计算机科学与技术】,必须有两年以上网站设计优化推广经验，不懂seo勿扰，熟练网站制作、网站推广， 底薪加绩效提成。
476,人力资源管理,"1.对现代企业人力资源管理模式有系统的了解和实践经验积****公司人事行政的基本框架及制定部门长期/短期工作目标，并组织落实。2.组织、协助、****公司的各项决议及规章制度;3.****公司行政、人事管理制度****公司人力资源规划和招聘任务;4****公司各项培训工作; 5****公司企业文化建设；6.较强的分析、解决问题能力，执行力强,思路清晰，考虑问题细致；具有很强的人际沟通、协调、组织能力以及高度的团队精神，责任心强。"
477,电气工程及其自动化,"工程类相关专业毕业,工业及民用大厦现场管理4年工作经验"
478,国际贸易学,"1.****岁以上;     2.大专以上学历;     3.国际贸易或外贸英语专业;     4.英语六级以上,口语流利,善于与外商沟通,熟悉外贸流程;     5.有电子行业国际贸易经验一年以上;     6.深户及带港澳通行证者优先;     7.工作地点：布吉坂田"
479,电子信息科学与技术,2年以上8BIT单片机（SONIX）开发经验，硬件精通，对消费类电子产品有较深的认识，熟产品安规。
480,【电气工程】,电子信息工程或机电一体化、电气电子类相关专业，一年或一年以上工作经验，语言表达流利、思路敏捷、专业技能强、愿意外出工作者优先。试用期：****--****元/月
481,市场营销,"大专以上学历,电子类或市场营销专业优先,二年以上同职工作经验,具备市场策划、开拓、渠道建设能力，具备良好的沟通和语言表达能力，能熟练操作计算机。"
482,【电子科学与技术】,"熟练使用办公软件,处理行政、人事事务，管理材料库房及采购进度和入库及出库，做好发出库及发货记录，为人诚恳，开朗，责任心强；"
483,机械电子工程,3名，性别不限，大专或以上学历，****-****岁，机电机械或航空专业 3年以上同等职位工作经验，能熟练操作办公软件及CAD PROE相关绘图软件，具有多年产品结构开发经验，对五金，塑胶，模具，吸印工序有一定了解，能独立进行结构设计，具有强烈的创新意识和开拓精神。
484,机械制造及其自动化,械类及相关专业大专以上学历，有三年物料、生产进程管理和控制工作经验，有较强的筹划、统计、监管能力，能根据实际编制合理地生产、物料计划，并及时有效地对生产、物料采购进度和成本进行全程分析、跟进、控制。
485,通风、制冷与低温技术,机电安装施工员（施工现场管理工程师）：多人，男，大专以上，从事建筑大中型商住楼宇、厂房、商场的消防、暖通、给排水、强弱电、机电设备安装工程，有组织实施施工现场的技术、安全、质量等工作两年以上本职经历，责任心强，有技术职称者优先。待遇从优。也可招收今年应届毕业生
486,经济学,1、爱岗敬业  具有较强的责任心   熟练实际用电脑            2、具有汽车驾照（B照）
487,【建筑学】,土建、装饰、安装（水电）、市政、园林绿化等相关专业大专以上学历，有造价员岗位证，相关职称证；熟悉各种建筑材料性能，及建筑施工方面经验施工，2年以上造价实际工作经验；责任心强、人品道德好，熟悉电脑，会斯维尔、广联达预算软件。具有良好的团队精神，善于沟通。
488,软件工程,"1，精通.NET/DELPHI/ C++等开发工具, 熟悉SQL.2，精通ASP/ASP.NET进行网站开发，3.概念清晰，创新意识强，能够不断的学习与探索新知识；4.良好的沟通能力、执行能力和团队协作意识；5.服务意识强，能够在压力下工作和自我激励；6.做事细致认真、诚实、守信。7有2年以上工作经验"
489,英语,本公司因业务发展需要，现需招聘语文、数学、英语教师各2名要求：师范类专业毕业，性格开朗、有上进心，诚实稳重，优秀应届毕业生也可考虑，女生均可待遇：包吃住，试用期1～3个月    ****元/月            试用期过后底薪****公司平均工资****以上另外：请大家不要相信虚假广告！据我6年的培训经验可以得知：除了邦德，其他培训班新人的工资没有****以上的！地址：*******
490,英语,"国际贸易或相关专业，大专以上学历，有团队合作精神，高度的服务意思！熟悉国际物流提单制作和办公软件操作，性格开朗、做事灵活、有责任心、细心谨慎,敬业。外语要四级，有工作经验者，熟悉粤语者优先！学习总结能力强，有良好的时间管理能力."
491,计算机科学与技术,1、接受过电子专业知识培训，工作经历2年以上。2、对工作要有细有、敬业精神。3、具有良好的协调沟通能力。
492,电子信息科学与技术,"    招收有志于从事8BIT单片机应用开发的应届毕业生和社会在职人员,须有良好的理论基础和学习热情,并想在单片机领域发展的均可报名参加.报名条件:    1、大专以上学历，电子信息类专业均可。     2、应届毕业生和社会工作者均可。     3、立志在单片机行业发展的。收费情况：电话咨询     1、3个月初级班。     2、5个月中级班。     3、8个月高级班。理论和实践相结合，主要以实践为主。   "
493,包装设计,熟练操作各种绘图设计软件，对手袋及礼品袋有一定的设计工作经验！
494,机械电子工程,"高中以上文化，8年以上工作经验，从事过手提电脑电池,手机电池类塑胶模具经验的优先。"
495,【电子科学与技术】,"三年以上电子产品设计和电路匹配调试的实际工作经验，懂电子线路PCB板设计、制作与修改,能够独立完成原理图，熟练使用protel, power PCB 等软件,熟悉车载MP3、数码产品相关工程人员,有良好的沟通能力、有较强的团队合作能力和敬业精神"
496,高电压与绝缘技术,1、机电专业及职高学历，并且有三年以上相关工作经验；2、对发电机组及配电房设备的维护保养、常规故障的应急处理精通，并且熟悉制冷设备的维修保养，具备对线路故障的判断能力；3、持有效的电工电网作业许可证（低压）。
497,【其他专业】,1年以上生产计划及物料控制经验（领料、发料）工作认真负责．数字观念强．做人做事要有原则．有ＬＥＤ显示屏工作经验优先考虑．
498,计算机系统结构,电脑主板维修经验至少3年以上；敬业、能承受高强度的工作压力；懂嵌入式主板维修及开发调试者优先！此职位高薪急聘诚聘！没有主板维修经验者勿扰！
499,经贸英语,招EBAY销售人员，请熟悉此平台操作的熟手与我联系。
500,会计学,1、大学专科以上，会计专业，初级职称（含）以上，具备良好的职业道德；2、熟练增值税发票，了解一般纳税人全盘账务，能独立完成建账、做账、记账、编制财务报表；熟悉常见税收法规并向税务机关申报税表等；3、及时准确核算收入、支出和成本，客观****公司财务状况及经营成果；4、****公司财务计划、预算制度的实施情况****公司各部门日常经营、费用情况，对异常情况及时汇报。
501,电子材料与元器件,"有二年以上电源制造行业物料管理/跟单工作经验，细心,数字观念、沟通能力强，有责任心，电脑办公软件操作熟练. 性格外向,较強的商务谈判能力,抗压力,吃苦精神,工作细心。"
502,机械设计及理论,机械设计及相关专业大专以上学历，有二年机械行业作业流程、工艺编制工作经验，对机械设备制造、加工流程熟悉，能承受工作压力和耐劳，有较强的文字表达能力，沟通、协作能力好。
503,【计算机科学与技术】,教育水平：全日制大学本科毕业，英语四级或以上。计算机软件及相关专业毕业。工作年限：三年以上。工作经验：1）熟悉VC++的底层应用，熟悉PC实时系统的设计方法及应用，熟悉软件及硬件接口及驱动的设计方法及设计经验，熟悉软件项目的规划及工作分配，熟悉Windows企业数据库应用。熟悉WinCE。2）熟悉WindowsCE 的设备的软件设计方法，熟悉嵌入式领域的ASP及WEB数据库应用。基本素质：有良好的职业道德和社会责任感，遵纪守法。性情温和、乐观、忠诚、有责任心。身体健康。无不良嗜好。
504,英语,"国际贸易或文秘等相关专业，大专以上学历，性格开朗、做事灵活、有责任心、细心谨慎,敬业。了解国际货运代理(海陆空运),有工作经验一年以上，有很好的服务意思，时间观念！良好的沟通协调能力，有开发海外及代理经验，熟悉粤语者优先！薪资待遇：试用期： （面议）  ****左右转正后是底薪**** + ****%以上提成+月团队考核奖+月冲刺奖+月优秀奖（现金奖励），任务： ****RMB .（ 期望我们给你的不是****，****，而是****工资） 我们的晋升机会为： 单月完成**** RMB 利润，或者连续两个月完成****者，可以带团队，底薪上调RMB ****，升为,业务主管。工作时间: 5天,每年有一次旅游！根据利润有RMB****， ****，****，**** 四个档次标准。你们主要的是用电子商务, 开发海外代理及国外客户,和用ALIBABA trademanager 与客户进行实施沟通,负责阿里巴巴部分子账号管理，上传更新产品，回复询盘，拓展海外客户FOB货.开发世界各国直接客户。有意再从事国际货运代理业发****公司一道发展！！外语好的话，我们可以做国外客户的采购代理及****公司上班期间****小时有中央空调。方便工作，****公司的"
505,机械制造及其自动化,高中或中专以上学历，会看机械图纸，能独立操作车床，会车床的基本维修保养，有二年以上车床加工经验。能吃苦耐劳，服从安排。
506,机电一体化,1.年龄****-****岁，高中/中专或以上学历，机电一体化或机械专业，2年以上同等职位工作经验；  2.婚否不限，身体无残疾，五官端正；  3.能操作办公软件，看懂工程图或线路图；  4.多年电子厂技术员工作经验，能调试工装夹具，正确指导员工作业；  5.有较强的工作责任心及沟通协调能力。
507,机械设计及理论,机械设计及相关专业大专以上学历，有二年机械行业作业流程、工艺编制工作经验，对机械设备制造、加工流程熟悉，能承受工作压力和耐劳，有较强的文字表达能力，沟通、协作能力好。
508,审计学,一年以上会计师事务所工作经验、全日制正规院校毕业生，注册会计师专业，具备良好的书面、口头表达能力与团队合作精神，工作踏实认真，愿意在事务所发展，熟练操作财务软件和word/excel办公软件。
509,包装设计,"平面设计人员：1.熟练运用Photoshop, CorelDraw, Illustrator等绘图软件。2.熟悉包装设计制图，产品拍照，产品目录制作等。3.相关专业毕业，有包装设计经验者优先。4.欢迎相关专业的应届毕业生。"
510,电子材料与元器件,"大专以上文凭，有一定的电子行业工作经验，能吃苦耐劳,有LED电子显示屏销售经验者优先."
511,国际经济与贸易,外贸业务员：性别：女    年龄：****岁-****岁  学历：大专以上    工作性质：全职   职位要求：   1、对工作充满热情，具有良好的工作态度。   2、能吃苦耐劳，具有创新能力   3、英语良好，书面表达顺畅，口语流利能与国外客户面对面交流，有较强的沟通和业务能力   4、熟悉B2B网络平台   5、欢迎广大应届生投递简历        ****公司职位感兴趣并符合以上条件，欢迎投递简历****公司待遇从优，薪资结构，底薪+提成+社保+年终奖    联系地址：*******
512,会计学,具有国家税收方面的初步知识，会说普通话，语言表达流利，熟悉办公软件的操作。本人性格稳重，工作踏实认真。
513,市场营销,1、爱岗敬业务实，熟练使用电脑          2、具有汽车驾照（B 照）
514,光信息科学与技术,"1、企业管理、机械、机电等相关专业大学专科以上学历,有ＬＥＤ行业经验更佳； 2、五年以上企业管理工作经验，一年以上同职工作经验； 3、具有现代企业领导能力，良好的判断与决策能力，计划和执行能力；并具有开拓创新精神; 4、具有较强的组织、协调、沟通能力以及敏锐的洞察力； 5、具有较高的综合素质及较强的学习能力，知识面宽，知识结构较全面，具有丰富的生产、品质及综合管理等经验； 6、善于领导团队，激发下属，具有良好的团队协作精神，事业心强； 7、为人诚实可靠、品行端正、具有亲和力和号召力。"
515,【电气工程】,1、电力或电气工程相关专业毕业，2年以上工作经验；2、有****KV以上等级设计或施工或监理工作经验，有中高压经验的优先；3、大专以上学历，有初级以上职称优先；；4、请注明要求待遇。
516,计算机科学与技术,男女不限，形象气质佳，有一年以上业务经验，熟悉电子产品者优先
517,【电子科学与技术】,在小家电等消费类电子产品行业从事硬件开发工作4年以上，熟悉安规和EMC，并对单片机开发有一定的经验，兢业和具团队精神，有意者来电和上门面试
518,英语,本中心立足深圳六年，所在片区小学初中林立，六年来生源稳定！现因发展需要，招聘英语及语文教师各2名。   要求：女，师范类专业毕业，有教学经验，口语好，喜欢教师行业，喜欢和小孩子打交道，并且愿意在深圳长期工作者！   待遇：试用期一个月，试用期过后底薪加提成，****元以上/月，包食宿。   工作地点：**   联系电话：******  ******  葛老师   乘车路线：****、****、****、****、****、****、1路直接到田贝四路下即可，下车后电话联系。    特别提醒广大求职者，要交押金和服装费之类的，纯属骗人，切勿上当受骗！
519,计算机应用技术,"招聘:软件工程师对Borland C＋＋,Delph的开发环境,开发过程很熟悉对Asp.net(c#语言)C#, MySQL的开发非常熟悉工作积极主动，有团队合作精神二、软件工程师任职要求: 1.大专以上学历,有2年以上的实际开发工作经验;工科/理科类专业不限;至少负责过两个中型项目的管理工作;2.具备丰富的软件工程知识,熟悉项目管理理论,有良好的需求分析、项目规划、进度控制等项目管理能力;3.熟悉软件工程思想,工作符合软件工程的规范要求,良好逻辑分析能力,具有编写技术文档的意识和能力;4.熟悉一般商业运作流程,能够准确理解电子商务的营销策划方案和数据库系统和网站建设需求,并及时快速地提供技术实现;5.发现、获取适合自己能力的任务,主动承担任务;对工作任务和工作进度的完成具有很强的责任感;按时填写工作报告,向上级反映工作中遇到的问题,提出解决建议;6.具有良好的沟通能力和团队合作精神、能够与业务部门进行很好的沟通并准确了解需求；配合项目负责人完成项目任务；7.具备较强的自主学习能力，能够在短时间内掌握新技术。8.熟悉网络安全，常见攻防方法者优先； 有过大中型.net网站开发经验者优先；具有数据库搜索系统开发经验者优先。技术要求:1.具有.NET企业框架下多层结构及分布式系统开发经验;2.熟悉Spring+Hibernate架构.熟悉.NET Framework;DHTML、Javascript/AJAX、CSS、Velocity、Linux、MySQL、HTML/XML等相关WEB技术,熟悉Tomcat、Resin中至少一种J2EE服务器,熟悉Linux开发环境,具有C#、ASP.NET、XML、Web Service在WEB开发中的经验,熟练掌握SQL Server ****/****.精通.Net Framework,具有3年C/S、B/S模式的开发经验,熟练掌握XML、C#、 ASP.Net、Web Service等开发技术,具有需求分析,软件设计能力."
520,机械制造及其自动化,1、若干名，身体健康，机械及相关专业中专以上学历；2、有机械设备装配、维修工作三年以上经验，熟悉机械图纸，懂机械、电器基本原理，能吃苦耐劳，工作细心主动，有印刷、纸品加工机械设备维修经验者优****公司包食宿，一经录用，待遇从优。
521,【其他专业】,有行政人事管理工作经验3年以上，善沟通。熟练操作考勤系统，年前录用年后上班。
522,给水排水工程,承聘水电工程师二名，要求：大专以上学历，机电一体化/给排水专业毕业，熟悉CAD制图，一般厂房机电/给排水安装及设计，二年以上工作经验，能做机电安装工程验收资料者优先录用。新应聘着****公司任用。薪金、综合待遇优。
523,财务管理,此招聘信息由系统根据单位搜索条件自动生成！
524,【土木工程】,大专以上学历，路桥相关专业，多年市政道路丰富设计经验，有5年以上设计院工作经验。
525,工程管理,"土民建专业,从事建筑行业多年."
526,金融学（含保险学）,"具体要求:1、 具有良好的心理素质及良好的沟通能力；2、 具有人力资源、金融,管理、保险、销售、医学、法律等行业工作经验者及已婚已育者优先。福利待遇：1、团体意外保险和住院医疗保险；2、绩优人员享有基本养老补贴；3、享有人寿、养老险、健康财产险及营销系列培训等专业培训；4、保险事业是一分充满爱心助人的事业，发展空间广阔，凭借自己努力收入无上限。"
527,【机械工程】,大专以上学历，具备3年以上机械组装或维修经验，动手能力强，机械相关专业毕业，能吃苦耐劳，熟练使用机械办公软件CAD及SOLIDWORKS，有一定的机械设计经验者佳。                             试用期：****-****元/月
528,【工商管理】,学    历大学本科及以上，财务会计类或金融管理类专业。经    验具有会计资格，三年以上会计管理经验。知    识通晓财务管理、法律、行政管理及营销管理知识，了解领域其他专业知识。能    力具有较强计划与执行能力、分析、判断能力，组织协调能力，社会交往能力，语言文字表达能力，熟练使用各种办公室软件和财务软件。年    龄****-****岁素质要求 性格稳重、沉着、冷静、不多言。工作细心、诚实可靠、为人正直、坚持原则、办事公道、能保守秘密，有较强的责任心。
529,制药工程,性别不限，3-5年以上相同工作经验，大专以上相关学历，具有中级以上职称优先。
530,机械电子工程,要求：专业要求：机电一体化，机械制造等相关专业，一年以上工作经验；能熟练使用CAD，PROE等绘图软件，懂平面设计会使用CDR优先，优秀毕业生也可。
531,经济法学,"熟悉经济合同法,劳动法,诉讼法等,有五年以上的工作经验.良好的沟通能力和敬业精神,能在压力下展开工作应聘提交资料者请注明薪资待遇."
532,模具现代制造技术,1、模具制造技术相关工作经验2年以上，2、工作认真，有敬业精神，有上进心，吃苦耐劳
533,市场营销,大专以上学历，身体健康；熟悉电子数码市场、大型购物广场业态营运管理，至少5年以上大中型卖场营运管理、品牌拓展、招商等经验；具有良好的组织控制、领导能力及沟通协调能力，良好的培训能力，良好的团队建设能力、执行力和创新能力，较强的数据分析能力，能对商业城的经营活动进行有效的指导；具有敏锐的市场触觉及零售监控分析能力；良好的适应性和承受工作压力的能力。
534,【电子科学与技术】,"1、同类产品有一年以上工作经验，具有较强的客户开发能力；2、具有良好的沟通和表达能力，能独立开展业务；3、综合素质好,电脑办公软件操作熟练,4、熟悉网络销售及业务流程,熟悉电子商务操作运行；5、有芯片封装工作经验者可优先录取；6、兼职也可。"
535,电子信息科学与技术,要求（急招）：1、性别不限制，能熟练焊接各种封装电子器件2、熟悉各种调试工具的使用3、对电路故障问题能独立分析，找出解决方法4、学习能力强，虚心上****公司的发展需要5、待人热情，性格开朗活跃待遇：工资：面议，工厂有宿舍，可提供食、宿
536,电子材料与元器件,1、业务工作经验1年以上；2、有电子商务、电话营销，上门拜访工作经验优先；   （必须符合此三项当中任意一项）3、性格外向，做事果断。
537,经贸英语,本公司招聘业务跟单员，有外贸工作经验最佳，要求五官端正，身体健康，性格好能吃苦耐劳，要求外语口语好，能流利的和客户交流最佳。合则约见。
538,电子材料与元器件,"要求:****-****岁,中专以上学历，形象气质佳、优雅大方、声音甜美，有娴熟的沟通能力，能说流利的普通话及白话,有团队精神，能吃苦耐劳,能接受出差到广东范围内,有组织能力以及良好的职业道德修养,有1年以上的相关工作经验，熟悉充电器、开关电源销售者优先。"
539,计算机应用技术,1 机电一体化或电子应用专员 2 三年以上品质工程经验 3 能熟练运用品质管理手法； 熟悉产品的整个生产过程品质控制流程，并能制作相关的品质标准文件。
540,人力资源管理,职业发展经理- 大专以上学历，2——3年以上工作经验；- 沟通能力强，有工作热情；- 与深圳本地高科技企业有广泛联系者优先；- 有高校工作背景或企业人力资源工作背景者优先；工作职责：- 开拓保持与高科技企业的HR或技术部门的关系；- 推荐优秀的软件工程师实训师进入企业工作；
541,会计电算化,要求：   1.持有会计从业资格证。   2.打字****/分以上，熟练运用EXECL，WORD及其他办公设备。   3.有物流业工作经验优先。
542,飞行器设计,1、要求性别男，具有5年以上结构开发工作经验，并且有多年从事牙箱结构开发。2、做事认真，老实，团队意识强。
543,机械制造及其自动化,"岗位要求1、工作主要負責Array & CF Macro,Marco Review,CF Mura + THK,RSM,CHM的程式查修，以及後續电控售服.；2、与销售工程师配合，为客户提供技术解决方案；3、提供相关技术培训；4、能够适应现场调试工作。任职资格1、机械制造及其自动化、机电一体化或相关专业高中以上学历。2、具有1年以上自动化、机械运动设备的调试、服务设计经验。3、具有良好的机械、电工学知识基础，能独立进行产品的技术调试、工程设计和部分工程方案的配置。4、熟练操作办公软件，熟练应用C++、VB、Protel、AutoCAD等应用软件。5、熟练使用Q****HCPU及Proface HMI，"
544,【化学】,具备扎实的基础理论和基本操作技能，能处理化学分析中常出现的问题，具有较强的学习能力和接受新鲜事物的能力，具备较强的逻辑思维和分析判断能力，能独立承担大型仪器的操作、分析、维护、管理工作，能初步判断仪器出现故障的原因，熟练操作电脑，熟悉常见电脑故障的处理，具备较强的文献检索能力，符合深圳市职员聘用的基本条件，具有相关工作经验优先，试用期3个月（****元/月），合格后参加市人事局职员入编考试。
545,电子信息工程学,要求：1、电子技校毕业，在修理岗位1~2年以上；2、能够掌握一般BGA的拆卸，安装技能；3、有LCD屏维修经验者优先；4、能够独立分析电子原理图；5、对电子产品工艺有一定的了解；
546,【管理学】,会ＥＸＣＥＬ、ＷＯＲＤ办公软件，工作认真负债，有上进心，听从领导安排
547,电子材料与元器件,"热爱本职工作,有责任心,勤快,能吃苦,懂得采购业务的流程,善于表达具有很好的沟通能力,做过手机及数码产品者优先考虑."
548,测试计量技术及仪器,此招聘信息由系统根据单位搜索条件自动生成！
549,【经济学】,"男女不限,形象佳,为人诚实,具备基本的计划.领导.组织.监督.协调.控制能力,善于与合作单位沟通和协调的能力,具备优秀的文字表达能力,有3年以上房地产销售后续相关从业经验优先.非深户籍人员需要担保."
550,【经济学】,"财务会计专业中专学历；本科请不要投递;工作经验不限；勤学习，肯吃苦；由注册会计师指导做账,及工商、税务等事务;工资待遇,前6个月****元,后6个月****元,不提供食宿;3个月内教会做账，但工作时间1年以上，短期内学习请勿投递。有会计证优先。"
551,信息管理与信息系统,有过超市信息工作经验有先。
552,计算机科学与技术,女性，年龄****至****岁，高中以上文化，身体健康，熟悉生产规程以及质量标准，2年生产文员职务工作经验，熟练使用各种办公软件，具有较强的学习、理解、沟通和协调能力，工作有较强的计划性，工作态度认真，能在较大的压力下保持良好的工作状态，作风踏实严谨，会CAD绘图优先。
553,【电子科学与技术】,1、须具备较强的心理素质，有销售经验。协调能力强，善与人沟通，做事精心。 2、有敬业精神和团队协作精神。3、熟悉SMT/自动化设备及配件，有1-2年工厂销售经验(必须），有固定客户资的优先。4、工作地点：深圳；一****公司将提供优厚的福利待遇。
554,通风、制冷与低温技术,1、招聘1名，男女不限，年龄在****—****岁，大专以上学历；2、三年以上净化工程设计工作经验；熟练操作设计、工程预算、以及CAD绘图等相关专业软件，3、工作认真负责，具有项目施工管理及项目沟通能力，思路清晰，语言表达能力强。，有相关洁净室、无菌室、实验室、手术室等净化装修工程设计经验者优先。
555,土木工程,建筑学相关专业，建筑方案与项目管理能力强。
556,电子商务,"    对电子商务工作非常感兴趣,并有志于在此领域发展,电子商务和计算机专业均可,计算机运用熟练,会做网站及对网站进行维护,对网络推广应用商务平台熟悉****公司经营IC(集成电路)的开发和贸易****公司,有发展空间和学习机会,衷心希望有识之士加盟."
557,电子信息科学与技术,电子工程师：1、大专以上学历，一年以上LED行业类工作经验。2、较强的团队精神，合作意识强，善于沟通。3、电子专业优秀应届毕业生也可。
558,【机械工程】,高中或中专以上学历，具有机械加工专业知识和机械加工现场管理经验，对车、铣、磨床等加工设备有深入的了解，对加工人员作业组织、劳动定额、成本核算有丰富的经验，管理能力和质量意识强。
559,办公自动化,有相关人力资源管理经验
560,高等教育学,1、有2年以上注塑工作经验，****-****岁。2、懂注塑机调机、维护和工艺制作。3、工作认真，仔细，协调能力强。
561,国际经济与贸易,"Requirements:degree holder good communication skills in English ,at least 2-3 years of experience in manufacturing export and shipping fields. Work conditions:8 hours per day; 5-1/2 work day per week;Public Holidays;5-**** days paid holidays in the Chinese New Years. Benefits:pension;free meal and sudsidized accomodation;discretionary bonus based on performance."
562,【电气工程】,1、年龄****岁以上，电气、暖通、给排水工程相关专业大专以上学历；2、有2年以上专业工作经验；3、初级以上职称；有意者请将简历和个人要求待遇发至邮箱，合则约见。
563,中医医史文献,要求：大专以上，男妇不限，有医生执业资格证者及实际相关工作经验者优先。
564,高等教育学,1、有2年以上波峰焊工作经验。2、懂波峰焊设备调试及维护工艺文件。3、会使用贴片（三星）优先。4、工作细心，协调能力强。
565,工民建,具有施工管理经验，有机动车驾驶证
566,【环境科学】,三年以上工作经验，环境工程、环境管理或相近专业。
567,经济法学,"熟悉经济合同法,劳动法,诉讼法等,有五年以上的工作经验.良好的沟通能力和敬业精神,能在压力下展开工作应聘提交资料者请注明薪资待遇."
568,会计电算化,"要求具有独立处理全盘账务,操作能力强,有丰富的账务处理经验,此****公司上班。"
569,经贸英语,"1)有丰富的外贸经验,做过类似的产品业务.对产品非常的熟悉!2)外语流利,能跟客人流利对话!3)有一定的管理才能,可以掌控整个产品组的工作进展!4)吃苦耐劳,能适应工作的需求,有应变处理能力.5)谈吐大方得体,能认真执行经理分配的任务!6)大专以上文化程度.****公司在深圳关外布吉南岭村,无意在关外工作者请勿投简历!"
570,电子信息科学与技术,"2名，男性；高中/中专或以上学历；****-****岁；机电一体化或机械专业，2年以上同等职位工作经验；  1.婚否不限；  2.身体无残疾，五官端正；  3.能操作办公软件,看懂工程图纸；  4.具有多年的五金数控车床生产加工经验,会晋昌数控车的优先  5.有较强的沟通协调能力及语言﹑文字表达能力.懂缙昌机型JSL-****、JSL-****A、友佳FTC-****，洽群CB-****M机型的调试维护、编辑产品程序及工艺文件制作生产工装夹治具的制作."
571,光信息科学与技术,1名；性别不限；****-****岁，本科或以上学历，电子或通信专业；3年以上同等职位工作经验；   1.已婚，有子女优先；   2.身体无残疾，五官端正；   3.能熟练操作办公软件，及能熟练使用PROTEL和PADS的PCB绘图软件；   4.具有多年的2.4G通信、几十兆的高频设计开发经验，熟练测试测量技术.熟练各种电子测量仪器.设计规范.对EMI、EMC等各种UL和FCC产品设计熟悉，具有强烈的创新意识和开拓精神；   5.有较强的沟通协调能力及语言﹑文字表达能力.
572,电路与系统,1.  电子本科毕业，懂电路图，具二次开发者首选。2.  熟悉电源电路能独力完成电路设计3.  熟悉PCB怖线及洗板打样工作4.  熟悉CCD摄像头应用及测试工作。5.  可面对客户做产品操作说明。6   能日益求新学习了解新产品的技术方面知识。7.  能分析市场上对手产品的优缺点。8.  懂网络方面技术9.****公司出差及技术支援。********公司的管理及完成领导所交办事项。****. 有良好的团队意识。
573,美术学,1、精通中国传统吉祥图案、佛像设计；2、有美术功底；3、美术专业应届毕业生也可以考虑；4、待遇从优，有意者直接电话联系。
574,办公自动化,"两年以上人事工作经验,熟悉人力资源管理,熟悉劳动合同法,社保的办理流程,有较强的文字功底,能制定各项人事规章制度，熟悉人事管ISO****文控,员工相关考核工作,员工工资核算,熟悉电脑各种办公软件."
575,电子信息科学与技术,性别不限，要求大专以上学历，电子专业，年龄****-****周岁，5年以上高频机开发经验，对新产品开发及旧产品维护具有较强烈的解决分析能力、编程能力、测试能力。
576,通风、制冷与低温技术,暖通相关专业本科以上学历，熟悉本专业设计、施工、验收规范，熟练使用定额软件；2、具有相关设计、预算、施工管理2年以上工作经验；3、良好的沟通协调能力，肯吃苦，有耐心、责任心
577,电子材料与元器件,"1.熟悉塑胶,五金,电子等产品,品质管控，有部门管理经验。2.3年以上相关工作经验。3.对出现的问题能做出解决方案,4.懂ISO.工作认真负责,吃苦耐劳."
578,会计学,1、女性，大专以上学历，两年以上工作经验；2、具有会计从业资格证书、助理会计师职称，能独立处理全盘帐目，熟悉一般纳税人办税流程；3、已婚育有小孩，住在龙岗五联附近。
579,美术学,年龄****岁以上，大专以上学历，产品外观设计；工业设计类相关设计专业毕业，具有良好的工艺美术设计和审美功底。熟练使用CAD、3DMAX、Rhino、CorelDraw、Photoshop等基本制图软件及OFFICE办公软件，具备优秀的审美及形态把握能力、良好的创意及手绘功底。熟悉产品开发设计流程、产品工艺流程，熟悉消毒杀菌设备产品原材料及其市场行情。正直、踏实、忠诚、勤奋、专业、责任心强，心态好，积极热情，注重团队合作。有产品外观设计、产品开发2年以上相关工作经验者优先；受过产品开发、市场营销、产品知识、消费心理学等方面的培训者优先；有小家电、医疗器械外观产品设计、开发经验者优先。相关设计作品被应用市场或者曾获过设计奖项者优先良好的创新意识，对市场流行趋势反应****公司产品从设计、方案论证说明到测试完成、直至产品交付通过内部验收的全部过程。负责品牌产品整体设计规划、流行趋势预测与诠释等相关工
580,工程造价,从事大中型楼盘、厂房、商场建筑的消防、给排水、强弱电、暖通安装业的预决算、招投标工作5年以上工作经历。
581,建筑学,建筑学专业，大专以上学历，有现场施工管理经验，有良好的职业道德和敬业精神，能吃****公司的安排，有良好的团队合作精神
582,【计算机科学与技术】,计算机专业毕业，有无工作经验均可！！
583,机械制造及其自动化,高中或中专以上学历，会看机械图纸，能独立操作铣床，有二年以上铣床加工经验。能吃苦耐劳，服从安排。
584,市场营销,1、工作认真，爱岗敬业，独立完成各项业务            2、熟练驾车，具有驾驶证B照
585,企业管理,"在深圳有一定的实践销售工作经验,及社会阅历,项目洽谈,公共关系协调能力.气质形象较好,谈吐能力较强."
586,计算机科学与技术,1名，性别不限，高中或中专以上学历，电子，通信或自动化专业，2年以上同等职位工作经验1.婚否不限，2.身体无残疾，五官端正，3.能操作办公软件，看懂线路图4.熟悉模拟电子技术基础，对数字电路有所了解，能独立分析电路原理，会熟练使用常见的电子测量仪器5.有较强的责任心和协调沟通能力。
587,【机械工程】,1.负责开发客户、建立良好的客户合作关系；2.有3年以上销售工作经验，能吃苦耐劳，独立开拓市场，能够组织一个团队，并能持续坚持； 3.口才好，工作有激情，但又不失踏实的工作作风，善于沟通，思路敏捷，具有一定的谈判技巧； 4.熟悉电子信息产业、节能照明或中小企业客户（主要负责人），有丰富的销售实战经验与广泛的人脉关系和社会网络； 5.以前从事销售电子设备、电子辅料或电子行业负责生产工程的为优先考虑；6.工作时间自由安排，有良好的晋升机会。
588,【机械工程】,1、男性，大专以上学历，丰富的生产计划协调安排及生产现场管理经验。 2、优秀的表达能力、沟通能力、领导能力，做事有魄力。 3、熟练操作office及ERP办公软件。 4、具有敬业精神和拼搏精神，能够带领团队，发挥较好的团队合作精神。 5、具飞机模型、飞机玩具生产经验优先考虑。
589,模具设计,模具设计专业大专以上学历或机械类本科以上学历，5年以上模具设计经验，熟悉欧美模具标准，精通多种3D设计工具。
590,物业管理,1、女/男，年龄****-****岁，管理类、管理工程类、物业管理类相关专业专科以上学历；2、熟悉房地产、物业管理和国家相关法律法规；3、良好的职业道德，具有强烈的责任心和组织领导能力、协调能力文笔较好，熟悉电脑操作。4、3年以上商业写字楼物业管理经验。
591,机电一体化,"1.性别不限,大专或以上学历,机电一体化机械专业;2年以上同等职位工作经验；  2.婚否不限,身体无残疾,五官端正；  3.能操作办公软件,看懂工程图纸；  4.具有多年的线材生产加工经验；  5.有较强的沟通协调能力及语言、文字表达能力。"
592,机电一体化,1.性别不限，年龄****-****岁，机电一体化或机械专业，2年以上同等职位工作经验；   2.婚否不限，身体无残疾，五官端正；   3.能操作办公软件，看懂工程图纸；   4.具有一定线材生产加工经验；   5.有较强的沟通协调能力及语言、文字表达能力。
593,电子材料与元器件,1、 年齡****-****歲，中專以上文化。 2、 有1年以上業務經驗，熟悉LED者优先。 3、 形象好，口才好，善溝通具有上進心。 4、 思維敏捷，了解同業市場動態。 5、 有吃苦耐劳精神者优先。
594,会计学,大专以上财务会计专业，工作经验要求：3年以上全盘账务处理经验、在中大型企业就职经验、有一般纳税企业处理经验、熟悉存货进销存业务处理及成本核算、熟悉银行、工商、税务相关业务、熟悉相关财务软件及ERP管理系统、具有一定财务管理及内部控制经验、具有一定沟通能力、团队合作精神及抗压能力。
595,英语,"1、本科以上学历（要求是全日制教育，非自考、成教）；2、英语专业八级以上3、口语优秀,主要负责家庭成员的口语训练4、包吃住,待遇优厚不符合要求勿扰。"
596,电子信息科学与技术,1、本科及以上学历；2、计算机科学与技术、计算机软件工程等相关专业；3、具有相关岗位经验，熟悉电子测试技术；4、熟悉仪器软件，对性能测试、电器安全性测试等方面较熟悉，对质量管理方面有所认识；5、有仪器测试经验者优先，有相关开发经验者优先。要求1年以上工作经验；6、为人诚实善良、工作态度积极端正、不畏难、善于沟通、富有创新精神、团队协作能力佳。
597,市场营销,1、有8年以上的市场营销和带团队的工作经验；应聘者是佛教徒可优先、对珠宝产品有喜爱者优先；2、大专以上学历，形象端正、健谈、性格外向、有亲和力；3、有稳健的个人形象和工作作风、对市场富有敏锐的洞察力、有市场的分析能力和推广方案的策划能力等；4、须提供深圳户口担保。5、工作****公司在市场的形象和行销****公司的销售业绩、负责本部下属的培训工作、协助上司做好年度工作计划、搜集行业中和市场的相关信息。
598,【计算机科学与技术】,    对电脑销售感兴趣的可以咨询.
599,市场营销,"男女不限,大专以上学历,电子类或市场营销专业优先,二年以上同职工作经验,具备市场策划、开拓、渠道建设能力，具备良好的沟通和语言表达能力，能熟练操作计算机。"
600,电子信息科学与技术,"2名，男性；高中/中专或以上学历；****-****岁；机电一体化或机械专业，2年以上同等职位工作经验；  1.婚否不限；  2.身体无残疾，五官端正；  3.能操作办公软件,看懂工程图纸；  4.具有多年的五金数控车床生产加工经验,会晋昌数控车的优先  5.有较强的沟通协调能力及语言﹑文字表达能力.懂缙昌机型JSL-****、JSL-****A、友佳FTC-****，洽群CB-****M机型的调试维护、编辑产品程序及工艺文件制作生产工装夹治具的制作."
601,【电子科学与技术】,"有电源厂3年以上相关的管理工作经验，制程(相关作业指导书及懂生产线工装治具制作，标准工时),有较强的工作主动性、沟通能力、责任心、团队合作精神及创新精神，具有良好的学习扩展能力,熟悉开关电源线路及原理, 对开关电源、线性电源装配工艺及各项安规要求熟悉，熟悉各种电子元器件，熟悉品质及人力资源管理优先."
602,环境工程,水处理环保专业，有2年以上的相关废水/污水处理经验，熟悉操作Coredraw、photoshop、工程画图等软用操作程序职责：主要负责污水处理工程方案设计、施工现场安装指导、调试验收等。
603,人力资源管理,1、曾就职于生产制造型工厂，至少三年以上人事、厂务管理经验；2、熟悉当地的劳动保障、社保、劳动关系等相关法律法规政策；3、能够制定及执行相关的管理规章制度；4、对员工社保、劳动关系处理、员工关系处理有优秀的协调、操作能力；5、有优秀的组织、协调、沟通能力，协助厂长开展工厂企业文化宣传、人员调配、补充等其他工作；6、有陶瓷行业经验者优先考虑！
604,企业管理,有工作经验两年以上。
605,计算机网络与多媒体,1、身心健康，工作认真负责，动手能力强，基础知识扎实，有一定的工作经验及工作能力。证件齐全。诚实善良。2、计算机相关专业本科或以上学历，有扎实的计算机基础知识。3、熟练掌握ASP VB编程，有2年以上的网页和网络开发经验，编写调试过一定规模的程序。4、熟练掌握 MS SQL Server  数据库。5、熟练界面开发、photoshop，有一定的美学基础。有VC编程基础。6、工作要塌实、有条理性，善于勾通。7、从事相关工作2年以上。
